{"benchmark":"create","type":"single","results":[{"name":"@mootable/HashMap","ops":8164918,"margin":1,"options":{"delay":0.005,"initCount":1,"minTime":0.05,"maxTime":5,"minSamples":5},"samples":88,"promise":false,"details":{"min":1.0980796999653705e-7,"max":1.396548382108562e-7,"mean":1.2247519893819354e-7,"median":1.2268979215806702e-7,"standardDeviation":5.8377051328580485e-9,"marginOfError":1.2197108578741965e-9,"relativeMarginOfError":0.9958839572816021,"standardErrorOfMean":6.223014580990799e-10,"sampleVariance":3.4078801218197206e-17,"sampleResults":[1.0980796999653705e-7,1.109315752907021e-7,1.1152049343674248e-7,1.1198309038281858e-7,1.1251342162749621e-7,1.1352682256445103e-7,1.1376552607334906e-7,1.1413338211945194e-7,1.1553968554733015e-7,1.1567600089693864e-7,1.156812524093591e-7,1.1606065159959664e-7,1.1628149590436178e-7,1.1641892465811602e-7,1.166979202738992e-7,1.1680159077593886e-7,1.1697476165807818e-7,1.1723876107019877e-7,1.1755069146420793e-7,1.175547264819328e-7,1.1756670521641217e-7,1.181312303031491e-7,1.1840935473824287e-7,1.1863825746438504e-7,1.1931777840212394e-7,1.1933999350970386e-7,1.20122313768793e-7,1.2024188331841437e-7,1.2036951128941275e-7,1.2046054967145598e-7,1.2046969706869477e-7,1.2066244579622648e-7,1.2074150544379033e-7,1.2076960102102378e-7,1.2110696574299735e-7,1.2116489925884304e-7,1.2118580759538883e-7,1.2141035441808396e-7,1.2157587874907164e-7,1.2164644438491377e-7,1.2166417640385327e-7,1.2185661672623365e-7,1.2216545028062908e-7,1.2260496093843584e-7,1.227746233776982e-7,1.2288330316870195e-7,1.2300866747254443e-7,1.2303379963279735e-7,1.232226280472267e-7,1.2340557599200256e-7,1.2340818953407078e-7,1.2344565030371537e-7,1.2393024456219904e-7,1.2401169995665876e-7,1.2405743694285273e-7,1.2421533844280809e-7,1.2471539615852875e-7,1.2475133236196687e-7,1.247894465171285e-7,1.248386682260801e-7,1.253326276769749e-7,1.253909967831653e-7,1.257906509244316e-7,1.2620075923397083e-7,1.2641223834632482e-7,1.2641289173184188e-7,1.264205145628742e-7,1.2648737768078632e-7,1.2660847179661416e-7,1.2711375659647128e-7,1.2720610174954862e-7,1.2725532345850022e-7,1.2747333642602477e-7,1.2770550607975225e-7,1.2777650730593904e-7,1.2783030271351005e-7,1.2801129050173474e-7,1.2817855719410123e-7,1.286311355622491e-7,1.2941650495375118e-7,1.29891298429479e-7,1.3012085454113825e-7,1.308151855505971e-7,1.3094847619607663e-7,1.319394442302792e-7,1.3489361794806455e-7,1.391258137372127e-7,1.396548382108562e-7]},"completed":true,"percentSlower":59.97},{"name":"@mootable/LinkedHashMap","ops":4653802,"margin":28.59,"options":{"delay":0.005,"initCount":1,"minTime":0.05,"maxTime":5,"minSamples":5},"samples":58,"promise":false,"details":{"min":9.828464713905588e-8,"max":9.724759559767267e-7,"mean":2.1487807137049355e-7,"median":1.1402996334223206e-7,"standardDeviation":2.386747771646219e-7,"marginOfError":6.14254858620283e-8,"relativeMarginOfError":28.586204944160286,"standardErrorOfMean":3.133953360307566e-8,"sampleVariance":5.69656492545819e-14,"sampleResults":[9.828464713905588e-8,1.0185754420158203e-7,1.0269212293009056e-7,1.0278046364644011e-7,1.0405308718231104e-7,1.0423142230502559e-7,1.0624174701534036e-7,1.0696882477498446e-7,1.0751603501710824e-7,1.0752726541598666e-7,1.0755528303814981e-7,1.0763141830881061e-7,1.0791101424073874e-7,1.0811197069952706e-7,1.0822590490750317e-7,1.0846337350314179e-7,1.0852948794815179e-7,1.0867059247599503e-7,1.0939821364203647e-7,1.096563316807741e-7,1.0980097902597635e-7,1.1040260979979097e-7,1.106589164838708e-7,1.107918699157539e-7,1.1268147509477913e-7,1.1275211792643365e-7,1.1283272320870609e-7,1.1302581361522842e-7,1.1366255532234354e-7,1.1439737136212059e-7,1.1456075555225485e-7,1.1517752181323847e-7,1.1546099881718542e-7,1.1575407600081873e-7,1.1628643313474847e-7,1.1657842350558711e-7,1.1662243942377186e-7,1.1704448505904109e-7,1.1780036335774437e-7,1.1807460245293648e-7,1.1915887935110032e-7,1.1944634133529443e-7,1.214647338304898e-7,1.215460636546254e-7,1.2487714487033417e-7,1.2569574842730533e-7,1.4085474203592642e-7,1.687769878787436e-7,2.0216950275328118e-7,5.730390330271967e-7,6.779869021263952e-7,6.829301438622896e-7,7.057720268581908e-7,7.629443182067262e-7,7.7979230445128e-7,7.817204536764401e-7,8.716035762211978e-7,9.724759559767267e-7]},"completed":true,"percentSlower":77.18},{"name":"@mootable/HashMap.HAMT","ops":6575379,"margin":0.78,"options":{"delay":0.005,"initCount":1,"minTime":0.05,"maxTime":5,"minSamples":5},"samples":87,"promise":false,"details":{"min":1.3994269092172102e-7,"max":1.7338058437893457e-7,"mean":1.5208249913596756e-7,"median":1.5210944576324239e-7,"standardDeviation":5.644766658688823e-9,"marginOfError":1.1861577178388897e-9,"relativeMarginOfError":0.7799435994133811,"standardErrorOfMean":6.051825091014743e-10,"sampleVariance":3.1863390631044974e-17,"sampleResults":[1.3994269092172102e-7,1.4065796900099855e-7,1.4118204305036577e-7,1.4174499630964268e-7,1.4270024569343995e-7,1.444799304191746e-7,1.4448574728753888e-7,1.4504108236009204e-7,1.4542395693135936e-7,1.454936938305909e-7,1.4649795944948553e-7,1.4657760394882264e-7,1.4664991533886163e-7,1.4682683541006382e-7,1.4732216309944906e-7,1.4778225806451612e-7,1.4797030347761907e-7,1.4848442879737631e-7,1.4857487083749403e-7,1.4864297963791083e-7,1.487259673313593e-7,1.4883265314982851e-7,1.4887552641861678e-7,1.4917358920167638e-7,1.4921389962228107e-7,1.4931901091078308e-7,1.4934116267963358e-7,1.4934726427140952e-7,1.4955196263908547e-7,1.4964707524698917e-7,1.4974031823904832e-7,1.4978408338619297e-7,1.5011179611861242e-7,1.501877740633005e-7,1.5045745514779e-7,1.5063007424130597e-7,1.5077388963660836e-7,1.510704749706942e-7,1.511030369469891e-7,1.5121808926323103e-7,1.5124006859723007e-7,1.5181098858160032e-7,1.5203159597099813e-7,1.5210944576324239e-7,1.5213199539790734e-7,1.5215044718447446e-7,1.5215885902835064e-7,1.5218165241175705e-7,1.5223700777145835e-7,1.523327942517258e-7,1.5233767854817002e-7,1.525463465462597e-7,1.5255882863717275e-7,1.5258732036643075e-7,1.5258759171623323e-7,1.5286491121434463e-7,1.5310071419268005e-7,1.5316366734685016e-7,1.534325750010854e-7,1.5416440541831285e-7,1.545361546476794e-7,1.546316697781444e-7,1.5495694132441783e-7,1.5512693366992302e-7,1.5520883080797117e-7,1.5533365171710155e-7,1.553607866973473e-7,1.5552522467763645e-7,1.5561965440889158e-7,1.5609641601180915e-7,1.5617157990708984e-7,1.5626248209091305e-7,1.5630074241305952e-7,1.5706269265835975e-7,1.5743254243910912e-7,1.5796655885034515e-7,1.5802028611123172e-7,1.5878793470238355e-7,1.5903133547518777e-7,1.5955232709590585e-7,1.6051453349541962e-7,1.6065292189467284e-7,1.613464789420043e-7,1.6400490600442842e-7,1.6436498719228933e-7,1.646125961386779e-7,1.7338058437893457e-7]},"completed":true,"percentSlower":67.76},{"name":"@mootable/LinkedHashMap.HAMT","ops":5405352,"margin":1.3,"options":{"delay":0.005,"initCount":1,"minTime":0.05,"maxTime":5,"minSamples":5},"samples":87,"promise":false,"details":{"min":1.6349851043342832e-7,"max":2.1461617003677066e-7,"mean":1.8500181725116192e-7,"median":1.869008614283037e-7,"standardDeviation":1.1459368160221508e-8,"marginOfError":2.408003520195341e-9,"relativeMarginOfError":1.3016107387346312,"standardErrorOfMean":1.2285732245894597e-9,"sampleVariance":1.3131711863149846e-16,