{"benchmark":"create","type":"single","results":[{"name":"map","ops":27565275,"margin":0.65,"options":{"delay":0.005,"initCount":1,"minTime":0.05,"maxTime":5,"minSamples":5},"samples":92,"promise":false,"details":{"min":3.461681059756153e-8,"max":4.1272761976428197e-8,"mean":3.6277526159960885e-8,"median":3.603601407771856e-8,"standardDeviation":1.1592836370868684e-9,"marginOfError":2.3689280134686046e-10,"relativeMarginOfError":0.6530015313125637,"standardErrorOfMean":1.2086367415656145e-10,"sampleVariance":1.3439385512173583e-18,"sampleResults":[3.461681059756153e-8,3.4760443972684945e-8,3.4813722891946784e-8,3.493435570269814e-8,3.498138670745891e-8,3.4990930225213285e-8,3.4994695700725855e-8,3.501482334879978e-8,3.503866554997208e-8,3.505670497347726e-8,3.506804857621441e-8,3.509556562850587e-8,3.519514237855946e-8,3.521853282489499e-8,3.522047738693467e-8,3.527270430337127e-8,3.5305523019102144e-8,3.5307719151312113e-8,3.533442820596971e-8,3.533834173483302e-8,3.5397181984584815e-8,3.540686281914141e-8,3.543631727321787e-8,3.5438860971524284e-8,3.548863497486416e-8,3.54966680077941e-8,3.550435774871849e-8,3.5534826912339476e-8,3.563975211570863e-8,3.565520025595852e-8,3.566219988833054e-8,3.5664194506504014e-8,3.569381630374093e-8,3.579821570547194e-8,3.5824539363484086e-8,3.58356365159129e-8,3.585279913435488e-8,3.585815448964151e-8,3.5876535455053044e-8,3.58858924836902e-8,3.589343030980398e-8,3.589392551662014e-8,3.5914523036953326e-8,3.596238135120045e-8,3.598578259492719e-8,3.603501853090246e-8,3.6037009624534663e-8,3.60921423206265e-8,3.609262292943427e-8,3.609427073106093e-8,3.609481999826981e-8,3.611953702266963e-8,3.616718992028681e-8,3.6284248526934004e-8,3.6292212901462834e-8,3.632928843806257e-8,3.633012283640424e-8,3.634359757022574e-8,3.643243997766611e-8,3.64458704031484e-8,3.6511725293132326e-8,3.6525055834729204e-8,3.653231133014667e-8,3.657879676158571e-8,3.660975800659944e-8,3.66236956620249e-8,3.6697366126416595e-8,3.6781815959782656e-8,3.6810309196243564e-8,3.687615260290865e-8,3.690989670575098e-8,3.6984907510267864e-8,3.716060435870994e-8,3.7175846523756495e-8,3.71959634352819e-8,3.724315594062026e-8,3.732422838297521e-8,3.739447236180905e-8,3.749336962590731e-8,3.7529801786711336e-8,3.7578378001116696e-8,3.7609836277176713e-8,3.761237663801781e-8,3.76178810720268e-8,3.765123729304641e-8,3.773136164714251e-8,3.801931498140044e-8,3.8061627582356225e-8,3.867238972640983e-8,3.9106604745535385e-8,4.02892990389197e-8,4.1272761976428197e-8]},"completed":true,"percentSlower":58.74},{"name":"@mootable/HashMap","ops":3166079,"margin":0.6,"options":{"delay":0.005,"initCount":1,"minTime":0.05,"maxTime":5,"minSamples":5},"samples":90,"promise":false,"details":{"min":3.0147811153625984e-7,"max":3.5806313509701953e-7,"mean":3.158480783622748e-7,"median":3.149605338959926e-7,"standardDeviation":9.201132570869908e-9,"marginOfError":1.9009736838378246e-9,"relativeMarginOfError":0.6018633051987182,"standardErrorOfMean":9.698845325703187e-10,"sampleVariance":8.466084058672308e-17,"sampleResults":[3.0147811153625984e-7,3.024018559247989e-7,3.0254018154438715e-7,3.0266437086410565e-7,3.0447711729083184e-7,3.0480431442258443e-7,3.053527396643888e-7,3.056407148985187e-7,3.059986140821307e-7,3.068102798951523e-7,3.071789826074958e-7,3.0724232472658254e-7,3.0815869835194173e-7,3.084504835648218e-7,3.0871139766804255e-7,3.087686421017746e-7,3.087770781235877e-7,3.0896142931707877e-7,3.095440200239417e-7,3.100316350817993e-7,3.101445275706289e-7,3.1018532406213064e-7,3.1069827994792447e-7,3.1087346488202017e-7,3.110029827362839e-7,3.113138270108771e-7,3.113265644301166e-7,3.1146381411198636e-7,3.114814256876864e-7,3.123280407339339e-7,3.1241953192025485e-7,3.1245312903090335e-7,3.127817781928836e-7,3.1295712693199964e-7,3.130035250519719e-7,3.1301617908469164e-7,3.130644764550249e-7,3.1315657859058177e-7,3.1328793950167216e-7,3.136188287807249e-7,3.143617245638878e-7,3.1445873881473897e-7,3.1446364541528465e-7,3.148437829532102e-7,3.1495775463691654e-7,3.1496331315506866e-7,3.149757464372872e-7,3.151063374340506e-7,3.152200910721678e-7,3.152212909689767e-7,3.155560392256442e-7,3.1593522957025695e-7,3.1607741734210857e-7,3.1624597029315173e-7,3.164183061673345e-7,3.1642058782944667e-7,3.1661137142205775e-7,3.1674851616402035e-7,3.167859564077489e-7,3.1720406134193e-7,3.1792405853096634e-7,3.1828702731565084e-7,3.186229984221357e-7,3.1902856354353527e-7,3.1921572812243023e-7,3.192194944352728e-7,3.1928354161542107e-7,3.1933693702341597e-7,3.1995562326936793e-7,3.2010605284565096e-7,3.207096189727684e-7,3.2104738992446646e-7,3.215082401855925e-7,3.216427213317048e-7,3.2190413063782353e-7,3.22219276309843e-7,3.2225241782410895e-7,3.2266879575788616e-7,3.227848405037167e-7,3.2323882980325994e-7,3.2328733652195695e-7,3.2341718612199347e-7,3.2376632207210044e-7,3.240491629369707e-7,3.241742951760958e-7,3.2477546930963935e-7,3.3341412638513085e-7,3.4595101081618513e-7,3.5332650417281793e-7,3.5806313509701953e-7]},"completed":true,"percentSlower":95.26},{"name":"@mootable/LinkedHashMap","ops":10629922,"margin":3.17,"options":{"delay":0.005,"initCount":1,"minTime":0.05,"maxTime":5,"minSamples":5},"samples":77,"promise":false,"details":{"min":7.417344425406692e-8,"max":1.3625949010346908e-7,"mean":9.407406465496793e-8,"median":9.397385817079955e-8,"standardDeviation":1.3349198246816698e-8,"marginOfError":2.9817133618631893e-9,"relativeMarginOfError":3.1695381429505702,"standardErrorOfMean":1.521282327481219e-9,"sampleVariance":1.7820109383281402e-16,"sampleResults":[7.417344425406692e-8,7.428545707577174e-8,7.442167293141539e-8,7.522184884614988e-8,7.526745090399807e-8,7.61538132322709e-8,7.638329931626429e-8,7.738520990582662e-8,7.759904103710062e-8,7.856467153974093e-8,7.880853527843337e-8,7.881349053499036e-8,7.918642916801196e-8,7.979046666105864e-8,7.991120713894603e-8,8.012119226506454e-8,8.114805164095079e-8,8.174648502584856e-8,8.20658386273302e-8,8.360454532917781e-8,8.632327613407068e-8,8.69445293026427e-8,8.762929806774193e-8,8.865483948479027e-8,8.913549419200976e-8,9.163582471774578e-8,9.169293115291278e-8,9.194803393662604e-8,9.235344003620038e-8,9.257233113387873e-8,9.262161655605584e-8,9.282483349345707e-8,9.325591314062407e-8,9.339581848314864e-8,9.341209533294225e-8,9.342226635163171e-8,9.35649207969036e-8,9.356737243076433e-8,9.397385817079955e-8,9.411454646305847e-8,9.424590023818854e-8,9.425362200879049e-8,9.449037042281487e-8,9.48885848751699e-8,9.489926619160873e-8,9.496944045698726e-8,9.535376858374762e-8,9.54164766580923e-8,9.553276928457898e-8,9.589741604942453e-8,9.596537680080169e-8,9.620337042005545e-8,9.627229071474322e-8,9.63730868165779e-8,9.670056567212858e-8,9.672701306186215e-8,9.684648837593546e-8,9.706518376462366e-8,9.746539762228499e-8,9.770322062688808e-8,9.797610913460406e-8,9.821715640342976e-8,9.851148780536431e-8,1.0573646865511916e-7,1.0836338446193701e-7,1.0992545760705784e-7,1.106739807054594e-7,1.1320334533154468e-7,1.1366644972483808e-7,1.1470452375365443e-7,1.1612261493120583e-7,1.1693726575404597e-7,1.1806072697073057e-7,1.2109008751856565e-7,1.2430504358051276e-7,1.2498438725526466e-7,1.3625949010346908e-7]},"completed":true,"percentSlower":84.09},{"name":"@mootable/HashMap.HAMT","ops":11249588,"margin":3.46,"options":{"delay":0.005,"initCount":1,"minTime":0.05,"maxTime":5,"minSamples":5},"samples":80,"promise":false,"details":{"min":7.488660281494477e-8,"max":1.219867785618692e-7,"mean":8.889214730781857e-8,"median":8.187755798600611e-8,"standardDeviation":1.4021241485417594e-8,"marginOfError":3.072540010852719e-9,"relativeMarginOfError":3.4564808072562694,"standardErrorOfMean":1.5676224545166933e-9,"sampleVariance":1.965952127923954e-16,