{"benchmark":"create","type":"single","results":[{"name":"@mootable/HashMap","ops":17609066,"margin":0.98,"options":{"delay":0.05,"initCount":1,"minTime":0.05,"maxTime":5,"minSamples":10},"samples":91,"promise":false,"details":{"min":5.1391432117030266e-8,"max":6.501606146942267e-8,"mean":5.6788930028055926e-8,"median":5.708812841314691e-8,"standardDeviation":2.6998511276280247e-9,"marginOfError":5.547217477058101e-10,"relativeMarginOfError":0.9768131701579095,"standardErrorOfMean":2.830212998499031e-10,"sampleVariance":7.289196111354316e-18,"sampleResults":[5.1391432117030266e-8,5.145762341898791e-8,5.176109285376472e-8,5.178605354320523e-8,5.188963535161224e-8,5.1948449607702846e-8,5.2307196358771005e-8,5.305904870467159e-8,5.3319569584743056e-8,5.3416545588280825e-8,5.345892747146696e-8,5.3585884470415414e-8,5.390832452239324e-8,5.396649561744745e-8,5.396985868791241e-8,5.4007617745703564e-8,5.411654057077827e-8,5.411910269973664e-8,5.4170558789650284e-8,5.4179526241004525e-8,5.456437028323814e-8,5.4776485615771114e-8,5.480124419436596e-8,5.481920443760736e-8,5.485615270722566e-8,5.504702040415449e-8,5.5086413136889217e-8,5.509454582562048e-8,5.527686472279366e-8,5.562656383266839e-8,5.5702355399795464e-8,5.58190542296548e-8,5.582281346381609e-8,5.596520055459216e-8,5.608697233910966e-8,5.615124358803342e-8,5.6187297718302816e-8,5.6540610132220915e-8,5.6788321325267824e-8,5.680577956174284e-8,5.6862471653953896e-8,5.694351810306845e-8,5.697919066732959e-8,5.698434449389423e-8,5.6984523673537796e-8,5.708812841314691e-8,5.709993623838772e-8,5.7114402823084295e-8,5.714753912851318e-8,5.7298511999139744e-8,5.730155746617675e-8,5.7304336596744124e-8,5.746587358370825e-8,5.7493057492451164e-8,5.752600156029573e-8,5.764282162909426e-8,5.770699182259518e-8,5.792618103472669e-8,5.794201261635001e-8,5.7957287554528684e-8,5.809656047762835e-8,5.81445618034755e-8,5.819913173180699e-8,5.820772144274806e-8,5.822510297547587e-8,5.822661880681842e-8,5.830645259085893e-8,5.8384406883159444e-8,5.8485219633855994e-8,5.857176256323922e-8,5.872399572551485e-8,5.875172897815908e-8,5.877210942264962e-8,5.9061983237271294e-8,5.9110651645788616e-8,5.914986114984902e-8,5.9190485429829134e-8,5.9262584847335324e-8,5.95540520908159e-8,5.972929563596155e-8,5.983875979628569e-8,5.986147422765156e-8,6.005886491281823e-8,6.007156880223674e-8,6.058943196801108e-8,6.106455824632462e-8,6.121709281553649e-8,6.133502019515952e-8,6.185098346233625e-8,6.232784361618881e-8,6.501606146942267e-8]},"completed":true,"percentSlower":15.6},{"name":"@mootable/LinkedHashMap","ops":15226679,"margin":1.07,"options":{"delay":0.05,"initCount":1,"minTime":0.05,"maxTime":5,"minSamples":10},"samples":94,"promise":false,"details":{"min":6.025952755451016e-8,"max":7.340129761480505e-8,"mean":6.567420151759269e-8,"median":6.566689010685609e-8,"standardDeviation":3.4612804732263275e-9,"marginOfError":6.997274909918796e-10,"relativeMarginOfError":1.0654526051670956,"standardErrorOfMean":3.5700382193463247e-10,"sampleVariance":1.1980462514337868e-17,"sampleResults":[6.025952755451016e-8,6.034550763118275e-8,6.078755345194976e-8,6.096107687941626e-8,6.103647479280606e-8,6.110489809857766e-8,6.133289561657936e-8,6.136824966209228e-8,6.14410020346614e-8,6.145290696835453e-8,6.152181128154808e-8,6.153107067442051e-8,6.155728557891649e-8,6.164302515187809e-8,6.166683501926435e-8,6.190854124879146e-8,6.202410328191364e-8,6.205103969754252e-8,6.209649489891629e-8,6.214026657431324e-8,6.221903153965666e-8,6.2246328710852e-8,6.228276502306431e-8,6.232328989836313e-8,6.252507251186886e-8,6.252928132681087e-8,6.256812407550286e-8,6.259638186217213e-8,6.29459540060703e-8,6.297012462902303e-8,6.300716220051276e-8,6.312657229301048e-8,6.319511585063757e-8,6.32995407545577e-8,6.334074084763128e-8,6.334445596567873e-8,6.351751107519589e-8,6.359158621817534e-8,6.363090857491932e-8,6.368201561350092e-8,6.369521202620289e-8,6.475765135258777e-8,6.483066133710443e-8,6.535183287878132e-8,6.54022883919838e-8,6.548417915879985e-8,6.549373006825495e-8,6.584005014545722e-8,6.600792700231365e-8,6.601430035065441e-8,6.652032015854004e-8,6.668494494870056e-8,6.670165995661313e-8,6.687265809511441e-8,6.704040943351756e-8,6.704281447062728e-8,6.723485668383863e-8,6.743177763908614e-8,6.758863764267883e-8,6.775121815129608e-8,6.77543446995387e-8,6.780689476038615e-8,6.78394830132229e-8,6.785283096918186e-8,6.79435008682184e-8,6.810036414744777e-8,6.810872691765633e-8,6.836546462911922e-8,6.84046667340077e-8,6.85512537458453e-8,6.882314319109944e-8,6.888555390409674e-8,6.894988864678182e-8,6.896140354315278e-8,6.898163513663016e-8,6.905126096095663e-8,6.919832898021617e-8,6.920710736566665e-8,6.937028913356133e-8,6.939758630475669e-8,6.940203562340967e-8,6.94129785422589e-8,6.957495779159872e-8,6.963315968965401e-8,6.983217651048356e-8,6.983494230315974e-8,7.034024059991245e-8,7.03555125855592e-8,7.046109371467601e-8,7.139809617262394e-8,7.175166716628418e-8,7.272721528425448e-8,7.277618243649499e-8,7.340129761480505e-8]},"completed":true,"percentSlower":27.02},{"name":"map","ops":10425900,"margin":0.9,"options":{"delay":0.05,"initCount":1,"minTime":0.05,"maxTime":5,"minSamples":10},"samples":70,"promise":false,"details":{"min":9.040451039266007e-8,"max":1.070706923835627e-7,"mean":9.59149812932465e-8,"median":9.457865924143395e-8,"standardDeviation":3.702216057140672e-9,"marginOfError":8.672989316886146e-10,"relativeMarginOfError":0.9042371900558168,"standardErrorOfMean":4.424994549431707e-10,"sampleVariance":1.3706403733750221e-17,"sampleResults":[9.040451039266007e-8,9.047236499962439e-8,9.117575070217402e-8,9.129607146059464e-8,9.142499521382683e-8,9.221756125695812e-8,9.224118920045463e-8,9.233630681914566e-8,9.237883711743936e-8,9.241361260350857e-8,9.254980649320122e-8,9.266552283186354e-8,9.272986353953863e-8,9.284957845325423e-8,9.300794625915129e-8,9.311118219688983e-8,9.316522354457927e-8,9.331571536931081e-8,9.343433976255733e-8,9.345966407122794e-8,9.348874461706978e-8,9.359573679197957e-8,9.361512382254081e-8,9.371278598899301e-8,9.381796062978768e-8,9.393852372609034e-8,9.406502410050236e-8,9.411845960348676e-8,9.414414741898039e-8,9.41743184852913e-8,9.419818876666981e-8,9.422205904804832e-8,9.43599493029151e-8,9.448729785991417e-8,9.457429715955769e-8,9.458302132331023e-8,9.475084030660589e-8,9.48896999130007e-8,9.500844547518824e-8,9.517117536296156e-8,9.528143909927856e-8,9.555382687866384e-8,9.557079053040492e-8,9.558896587155608e-8,9.591297161981064e-8,9.639061958526295e-8,9.653408361141606e-8,9.65756445581817e-8,9.733319277736176e-8,9.796072672284059e-8,9.797950790869678e-8,9.819385576533937e-8,9.842250155702088e-8,9.857990001138987e-8,9.903597990534282e-8,1.0003998575053253e-7,1.0007233785778159e-7,1.003607199373799e-7,1.0062292952572054e-7,1.007829936967917e-7,1.0078602292031689e-7,1.0097262308946872e-7,1.0141452621732377e-7,1.0151340007318604e-7,1.0242931609826317e-7,1.0252225267601607e-7,1.027023097223535e-7,1.027656810785005e-7,1.0351305110663594e-7,1.070706923835627e-7]},"completed":true,"percentSlower":50.03},{"name":"flesler-hashmap","ops":20864926,"margin":0.86,"options":{"delay":0.05,"initCount":1,"minTime":0.05,"maxTime":5,"minSamples":10},"samples":91,"promise":false,"details":{"min":4.3200534486280385e-8,"max":5.233732063669074e-8,"mean":4.792731965766749e-8,"median":4.834240858678701e-8,"standardDeviation":2.0050330266640642e-9,"marginOfError":4.119617609198041e-10,"relativeMarginOfError":0.8595551845217736,"standardErrorOfMean":2.1018457189785924e-10,"sampleVariance":4.0201574380136585e-18,