{"benchmark":"create","type":"single","results":[{"name":"map","ops":10543302,"margin":1.14,"options":{"delay":0.005,"initCount":1,"minTime":0.05,"maxTime":5,"minSamples":5},"samples":88,"promise":false,"details":{"min":8.466775255798004e-8,"max":1.0712401853747586e-7,"mean":9.484695022091456e-8,"median":9.588907771519056e-8,"standardDeviation":5.1850582965487834e-9,"marginOfError":1.0833489803064057e-9,"relativeMarginOfError":1.1422075014358426,"standardErrorOfMean":5.527290715849009e-10,"sampleVariance":2.6884829538609374e-17,"sampleResults":[8.466775255798004e-8,8.473986515448736e-8,8.508160153840206e-8,8.662168454353062e-8,8.730314017579337e-8,8.742904305407771e-8,8.74359349339304e-8,8.75951205490643e-8,8.780776025671412e-8,8.787029145927993e-8,8.799031102549491e-8,8.83058246470433e-8,8.831977650137922e-8,8.854250188686223e-8,8.855258756469542e-8,8.885112362855794e-8,8.928531205927689e-8,8.929119537134625e-8,8.933086570415681e-8,8.958368002850886e-8,8.962923367338877e-8,8.970739767659602e-8,9.017285170859788e-8,9.029354365333508e-8,9.049475292610728e-8,9.099248112717535e-8,9.13871673197143e-8,9.153122441809841e-8,9.170940472648482e-8,9.19933165574892e-8,9.222831285100261e-8,9.247255434919642e-8,9.386437789017705e-8,9.396388991146456e-8,9.428797635917116e-8,9.46819901731879e-8,9.469190775639054e-8,9.478335123541148e-8,9.490774126202087e-8,9.507953397444625e-8,9.526511044657701e-8,9.545270405427439e-8,9.564500431162727e-8,9.582368890390535e-8,9.595446652647575e-8,9.605011237126052e-8,9.621484510920268e-8,9.633301563448159e-8,9.643303193966075e-8,9.650682548247361e-8,9.653405681262323e-8,9.710557855650417e-8,9.726425988774641e-8,9.737335330297544e-8,9.75143846980096e-8,9.75431288798342e-8,9.755035694894798e-8,9.761473719244986e-8,9.778199134985031e-8,9.790318757847918e-8,9.791276897242071e-8,9.793747888311204e-8,9.794722837168412e-8,9.803060330843853e-8,9.805917939563256e-8,9.811162492036517e-8,9.836208591988946e-8,9.84715155243796e-8,9.851454774980123e-8,9.866667339045189e-8,9.905581246018257e-8,9.924323797324942e-8,9.942831016148851e-8,9.948193234863498e-8,9.977492128968923e-8,9.992267646994552e-8,1.0009816726424308e-7,1.0019045121641679e-7,1.0020826924725543e-7,1.0080231567163051e-7,1.0125734783653806e-7,1.0133584802900641e-7,1.0149402507635698e-7,1.0245014733494368e-7,1.0370732707685119e-7,1.0556645369076976e-7,1.0603442914222991e-7,1.0712401853747586e-7]},"completed":true,"percentSlower":0},{"name":"@mootable/HashMap","ops":944728,"margin":0.55,"options":{"delay":0.005,"initCount":1,"minTime":0.05,"maxTime":5,"minSamples":5},"samples":93,"promise":false,"details":{"min":0.0000010025762344874598,"max":0.0000011573677569251106,"mean":0.000001058506063832833,"median":0.000001056051835680093,"standardDeviation":2.8634252849519963e-8,"marginOfError":5.81969805585125e-9,"relativeMarginOfError":0.549802996383244,"standardErrorOfMean":2.9692337019649233e-9,"sampleVariance":8.199204362502421e-16,"sampleResults":[0.0000010025762344874598,0.0000010057303663348489,0.0000010076151180723858,0.0000010104752939291366,0.0000010145472389688945,0.0000010157521201307163,0.0000010180643739860197,0.0000010229455004306289,0.0000010259518897590483,0.000001027207723275983,0.0000010280048871352174,0.0000010291926462038133,0.0000010310513349490255,0.0000010319766859615038,0.0000010330519858056496,0.0000010355458970096342,0.000001035822300558816,0.0000010368057363751077,0.0000010372243475474193,0.0000010379974763154205,0.0000010388326957357741,0.000001038904801009474,0.000001038928836100707,0.000001039197227952811,0.0000010392993770905522,0.000001040010415206201,0.0000010402046988603361,0.0000010402988363009995,0.0000010403969795902017,0.0000010424419652692932,0.0000010431043124360953,0.0000010444068339776073,0.0000010455184569471427,0.0000010474432671700684,0.0000010475290202289542,0.0000010476513161851681,0.0000010480922146333648,0.0000010498145512139377,0.0000010516253730446453,0.0000010526028000881286,0.0000010531415867166062,0.0000010541590722454784,0.0000010548400664970856,0.0000010550463676968375,0.0000010550924349550342,0.0000010556792917659783,0.000001056051835680093,0.0000010566366895667675,0.0000010590809759618276,0.00000106051635387666,0.0000010620265587758127,0.0000010620986640495122,0.0000010630640735473792,0.000001063354497566447,0.0000010635628016904681,0.0000010639493660744688,0.0000010644621146874436,0.000001064955191563584,0.0000010650509744226572,0.0000010651330943177038,0.0000010653621764670502,0.0000010655537084142849,0.0000010659623049652492,0.0000010661160007217467,0.0000010669337232359244,0.000001067028208263999,0.0000010677940616291425,0.0000010684919983175435,0.0000010696797324093175,0.0000010716774594518736,0.000001072343621687664,0.0000010731347767740902,0.0000010736274961443708,0.0000010784164880725859,0.0000010804033889478638,0.00000108133675165742,0.0000010815250265387465,0.000001084761752158151,0.0000010873234922987562,0.0000010881907585074208,0.0000010883870450858251,0.000001089120115368438,0.00000109172792276724,0.0000010932281130450458,0.0000010941430385103681,0.0000010961927865434352,0.00000109738418090412,0.000001098179341839085,0.0000011018527049492257,0.0000011142087447673604,0.0000011256841556566893,0.0000011561799554922914,0.0000011573677569251106]},"completed":true,"percentSlower":91.04},{"name":"@mootable/HashMap.HAMT","ops":6442733,"margin":0.77,"options":{"delay":0.005,"initCount":1,"minTime":0.05,"maxTime":5,"minSamples":5},"samples":89,"promise":false,"details":{"min":1.4315761010461993e-7,"max":1.7963186490004936e-7,"mean":1.5521362478299118e-7,"median":1.5469925598017432e-7,"standardDeviation":5.761843348342972e-9,"marginOfError":1.1970781798977703e-9,"relativeMarginOfError":0.7712455537143993,"standardErrorOfMean":6.107541734172298e-10,"sampleVariance":3.3198838770844153e-17,"sampleResults":[1.4315761010461993e-7,1.444750464838164e-7,1.4448313062579623e-7,1.466708667036493e-7,1.468066245362072e-7,1.4739565184666892e-7,1.474695241785536e-7,1.479584753865753e-7,1.49768208135992e-7,1.4992180683360885e-7,1.500124049764863e-7,1.5012641925475362e-7,1.5020726067455195e-7,1.5035751420997027e-7,1.5037256743986374e-7,1.5052059086714966e-7,1.505236572658317e-7,1.5060505621266312e-7,1.5061146777354365e-7,1.5116592840795367e-7,1.515411441012246e-7,1.515732019056274e-7,1.515737594326605e-7,1.517755842186398e-7,1.518792842467949e-7,1.520136482617701e-7,1.523038410824945e-7,1.5259459143025197e-7,1.526801718298316e-7,1.5271083581665166e-7,1.528153721353564e-7,1.5288394796042673e-7,1.5306514424618165e-7,1.536327067658693e-7,1.5374030948325607e-7,1.5378909309865162e-7,1.5398283374265108e-7,1.5404444047980778e-7,1.5445924059242823e-7,1.5448795323463248e-7,1.545487236812395e-7,1.5464378204038168e-7,1.546487997836795e-7,1.546644105406061e-7,1.5469925598017432e-7,1.5473103502106058e-7,1.54751663521285e-7,1.5489857189450475e-7,1.5498610363870018e-7,1.5508478592355745e-7,1.5515308298511125e-7,1.5534515104801143e-7,1.5543351908275654e-7,1.555182631917865e-7,1.561120294820295e-7,1.5646912554672493e-7,1.566427952175331e-7,1.5707320608708015e-7,1.570801751749938e-7,1.5732102685328955e-7,1.5749497528761426e-7,1.575376261056458e-7,1.5757442288982987e-7,1.5767840168150155e-7,1.5771993744546688e-7,1.5777373880416027e-7,1.5789723104199014e-7,1.5790029744067217e-7,1.5799563456333089e-7,1.5824791554580504e-7,1.5840235053397152e-7,1.585355994948805e-7,1.589947230066318e-7,1.5916588380579103e-7,1.595787325737957e-7,1.59611069141715e-7,1.5966877318964003e-7,1.5967434845997094e-7,1.5969748583184426e-7,1.6024888006757227e-7,1.6038157150144818e-7,1.6180939823319683e-7,1.6270311406724334e-7,1.630549136251244e-7,1.651579055939475e-7,1.668859606330162e-7,1.6990190311852746e-7,1.731255244238655e-7,1.7963186490004936e-7]},"completed":true,"percentSlower":38.89}]}
