{"benchmark":"create","type":"single","results":[{"name":"@mootable/HashMap","ops":16213517,"margin":1.28,"options":{"delay":0.05,"initCount":1,"minTime":0.05,"maxTime":5,"minSamples":10},"samples":92,"promise":false,"details":{"min":5.598487800466478e-8,"max":7.282931148251156e-8,"mean":6.167693451746999e-8,"median":6.169258269701636e-8,"standardDeviation":3.853543611117759e-9,"marginOfError":7.874490003532915e-10,"relativeMarginOfError":1.2767317417992727,"standardErrorOfMean":4.017596940578018e-10,"sampleVariance":1.4849798362786503e-17,"sampleResults":[5.598487800466478e-8,5.625842266334245e-8,5.627773826577153e-8,5.646944282860808e-8,5.659717143657839e-8,5.6918056068839465e-8,5.69632746756821e-8,5.7007488424594904e-8,5.705784297196781e-8,5.7156500858875156e-8,5.727916497871483e-8,5.740451895776136e-8,5.748702895888903e-8,5.75057571489257e-8,5.77685008301243e-8,5.778971449753196e-8,5.7795055866490747e-8,5.781361390676169e-8,5.7865413794912964e-8,5.794602573106206e-8,5.7948928653970476e-8,5.796054034560414e-8,5.7996938532840435e-8,5.805192630194837e-8,5.833561536877316e-8,5.846777029840931e-8,5.849075605908699e-8,5.850278264513618e-8,5.856691628081983e-8,5.857064615927777e-8,5.861138332084815e-8,5.899431263960965e-8,5.9134720549667397e-8,5.927333140549478e-8,5.9288412314391313e-8,5.9361399728871556e-8,6.01289121073099e-8,6.063893333214238e-8,6.077358195273549e-8,6.095468202387319e-8,6.10443356361929e-8,6.108218733008131e-8,6.119977730351675e-8,6.123485652598013e-8,6.151550439960297e-8,6.157367450865239e-8,6.181149088538031e-8,6.193464180722583e-8,6.220941462559551e-8,6.246062910805461e-8,6.2462303871271e-8,6.251151390608274e-8,6.266528517309795e-8,6.26916626872495e-8,6.27758528211616e-8,6.277671275242869e-8,6.279826137247963e-8,6.301529680416968e-8,6.303815487816194e-8,6.304300010383531e-8,6.304891760053324e-8,6.31253984540819e-8,6.313064604549326e-8,6.314013637038617e-8,6.334175989064335e-8,6.334232568455406e-8,6.346102924701883e-8,6.34837977823902e-8,6.360304351860443e-8,6.375589097961366e-8,6.382969221201608e-8,6.412132431343082e-8,6.412445053810141e-8,6.446934010979748e-8,6.454961709330329e-8,6.573858732606188e-8,6.578603895052638e-8,6.582706622278249e-8,6.585716056178258e-8,6.626848240772891e-8,6.643908495403891e-8,6.672424130435025e-8,6.692420803238768e-8,6.752823929910044e-8,6.789730614203238e-8,6.804286908328134e-8,6.804875570675566e-8,6.806996937416331e-8,6.951026574026209e-8,7.002733140071701e-8,7.098903038765935e-8,7.282931148251156e-8]},"completed":true,"percentSlower":19.33},{"name":"@mootable/LinkedHashMap","ops":14237025,"margin":1.32,"options":{"delay":0.05,"initCount":1,"minTime":0.05,"maxTime":5,"minSamples":10},"samples":94,"promise":false,"details":{"min":6.419729439136575e-8,"max":8.866397484912797e-8,"mean":7.023939515366415e-8,"median":7.034186593522781e-8,"standardDeviation":4.584019290534575e-9,"marginOfError":9.26698758345434e-10,"relativeMarginOfError":1.3193433062999422,"standardErrorOfMean":4.728054889517521e-10,"sampleVariance":2.1013232855993108e-17,"sampleResults":[6.419729439136575e-8,6.46446111294141e-8,6.471037422393164e-8,6.47933761878858e-8,6.480563493948519e-8,6.487063186202776e-8,6.488365678560209e-8,6.492783936949154e-8,6.493218101068299e-8,6.500713816890006e-8,6.502884637485729e-8,6.502986793749059e-8,6.506115329313484e-8,6.509231095344994e-8,6.515360471144686e-8,6.540554759588004e-8,6.553324292504029e-8,6.569592677439044e-8,6.583600855047925e-8,6.584239331693725e-8,6.589464811363621e-8,6.598170892105108e-8,6.604159803042725e-8,6.605206904741839e-8,6.624975594069072e-8,6.652173246806978e-8,6.654727153390183e-8,6.660728833860716e-8,6.680687613808462e-8,6.682424270285042e-8,6.698296799699661e-8,6.701923347047812e-8,6.703736620721888e-8,6.709789379324083e-8,6.724550959375007e-8,6.734830433372408e-8,6.789458495187163e-8,6.78966280771382e-8,6.803926898334782e-8,6.830831781835084e-8,6.917102746215749e-8,6.962626065406618e-8,6.963681981916721e-8,6.982384279533497e-8,7.003299243347185e-8,7.023281412412497e-8,7.028529690440983e-8,7.039843496604581e-8,7.080729389607054e-8,7.084983795462729e-8,7.085213647055218e-8,7.161205137438484e-8,7.166657727993625e-8,7.186808050935113e-8,7.18777853543673e-8,7.195593489581339e-8,7.197151372597093e-8,7.204596010287135e-8,7.20589850264457e-8,7.207979936509883e-8,7.211925722180935e-8,7.214696710823712e-8,7.222294582908747e-8,7.223750309661173e-8,7.233075683270356e-8,7.263106010108363e-8,7.266030233146132e-8,7.267383803635231e-8,7.292820713203952e-8,7.29372735004099e-8,7.304479296756283e-8,7.309050789540221e-8,7.309587109922694e-8,7.316738048355667e-8,7.331435780742012e-8,7.33571357426888e-8,7.338900120511284e-8,7.352301197526797e-8,7.39874398874238e-8,7.405243680996636e-8,7.413416182062893e-8,7.420401116567959e-8,7.430489047571619e-8,7.451673702679303e-8,7.50725947946276e-8,7.513644245920772e-8,7.535007674489282e-8,7.561159677901302e-8,7.616853140866496e-8,7.654929438338393e-8,7.757963719203079e-8,8.285539304458917e-8,8.474340315963465e-8,8.866397484912797e-8]},"completed":true,"percentSlower":29.16},{"name":"map","ops":9667677,"margin":1.32,"options":{"delay":0.05,"initCount":1,"minTime":0.05,"maxTime":5,"minSamples":10},"samples":80,"promise":false,"details":{"min":9.509009258234666e-8,"max":1.3262006196746707e-7,"mean":1.0343746541994023e-7,"median":1.0213704769281842e-7,"standardDeviation":6.2532223864201415e-9,"marginOfError":1.3702977727769716e-9,"relativeMarginOfError":1.3247596189772952,"standardErrorOfMean":6.991315167229447e-10,"sampleVariance":3.9102790214026006e-17,"sampleResults":[9.509009258234666e-8,9.59877909335694e-8,9.630316107852901e-8,9.639522088205278e-8,9.654844896905316e-8,9.683799933606284e-8,9.714660715822605e-8,9.726064451083816e-8,9.726187402407387e-8,9.730659756802283e-8,9.746981545006331e-8,9.752668043721492e-8,9.759122988208968e-8,9.763026692732347e-8,9.771095373341693e-8,9.791505293054479e-8,9.793011446768225e-8,9.84577293349563e-8,9.848708396345887e-8,9.856592649969877e-8,9.860665412563167e-8,9.912812142672717e-8,9.93360628527166e-8,9.934420837790317e-8,9.950727257078923e-8,9.955906581584351e-8,9.965819532047262e-8,9.998801224595182e-8,1.0019733687433145e-7,1.0021977549088316e-7,1.0031152791609801e-7,1.0034902806978718e-7,1.0041342382550748e-7,1.0049026840273935e-7,1.0078781060578117e-7,1.0139242373944155e-7,1.0152505747974376e-7,1.020196291788081e-7,1.0207418882864275e-7,1.0211291849556761e-7,1.0216117689006924e-7,1.0276978594174566e-7,1.02965432235378e-7,1.0302475624900102e-7,1.0309637539498113e-7,1.031240394427846e-7,1.0324268747003061e-7,1.0422414641043611e-7,1.0445852237099332e-7,1.0458562330173484e-7,1.0511800253279726e-7,1.0519638400157376e-7,1.0522020582051566e-7,1.0621611154144075e-7,1.0628004622969766e-7,1.0631908327493146e-7,1.0640453444481331e-7,1.0670130820208278e-7,1.0706293878253599e-7,1.0713870753568662e-7,1.0715146373550713e-7,1.072464436329657e-7,1.0741165947401424e-7,1.0791791154881781e-7,1.0801734843175587e-7,1.0818871183898295e-7,1.083195013094316e-7,1.0845874368337575e-7,1.0856509657826468e-7,1.0877442120664429e-7,1.0897145070266682e-7,1.0908318271796196e-7,1.0914081615088585e-7,1.0996382157303923e-7,1.104391821277956e-7,1.1046746093221694e-7,1.1689766146582568e-7,1.1882768986758142e-7,1.2078046426419782e-7,1.3262006196746707e-7]},"completed":true,"percentSlower":51.9},{"name":"flesler-hashmap","ops":20097632,"margin":1.42,"options":{"delay":0.05,"initCount":1,"minTime":0.05,"maxTime":5,"minSamples":10},"samples":91,"promise":false,"details":{"min":4.447426755452755e-8,"max":6.236382950279478e-8,"mean":4.975710598466426e-8,"median":4.947320309140902e-8,"standardDeviation":3.435892514475809e-9,"marginOfError":7.059516286121416e-10,"relativeMarginOfError":1.4187955964113437,"standardErrorOfMean":3.601794023531335e-10,"sampleVariance":1.1805357371030898e-17,