{"benchmark":"create","type":"single","results":[{"name":"@mootable/HashMap","ops":5486783,"margin":1.85,"options":{"delay":0.005,"initCount":1,"minTime":0.05,"maxTime":5,"minSamples":5},"samples":80,"promise":false,"details":{"min":1.5371474705957906e-7,"max":2.0430748196171054e-7,"mean":1.8225615210531146e-7,"median":1.8908160394380325e-7,"standardDeviation":1.5379222082693106e-8,"marginOfError":3.370120629760832e-9,"relativeMarginOfError":1.8491121374127908,"standardErrorOfMean":1.7194493008983838e-9,"sampleVariance":2.3652047186879527e-16,"sampleResults":[1.5371474705957906e-7,1.5433952916567277e-7,1.570872860052478e-7,1.5711572689407147e-7,1.5861514278549453e-7,1.5873427160033553e-7,1.5876713334189618e-7,1.5900261166871563e-7,1.5900291748472448e-7,1.5926010874817275e-7,1.5932799990213888e-7,1.5937234322342308e-7,1.5965675211165952e-7,1.6040967112546407e-7,1.6118307981186199e-7,1.6125422562166092e-7,1.6131308680255128e-7,1.6149103653278041e-7,1.6182739843229838e-7,1.6211683822076208e-7,1.64861740582396e-7,1.650063915545851e-7,1.6662293497740018e-7,1.6747279766601222e-7,1.681995291570148e-7,1.8195257405334654e-7,1.83606732845251e-7,1.8440124283626e-7,1.8443196696545472e-7,1.8496302684452925e-7,1.8497102722764674e-7,1.8610122098984062e-7,1.862379221424799e-7,1.870474687608947e-7,1.87104350538542e-7,1.882869410447898e-7,1.8847593533826309e-7,1.886847513093221e-7,1.8882762374844798e-7,1.890239576261338e-7,1.8913925026147268e-7,1.8927136277729865e-7,1.8999810228979645e-7,1.9007260072050252e-7,1.9020165507623994e-7,1.9031083139140168e-7,1.9054630971822113e-7,1.906496755292146e-7,1.9067719897001169e-7,1.9084723267093587e-7,1.909472345058319e-7,1.9128302048355629e-7,1.913542756136198e-7,1.9158273743579414e-7,1.9172540079513823e-7,1.917986262744882e-7,1.9200780442454603e-7,1.9203746857740512e-7,1.9276775720655427e-7,1.9336626588374187e-7,1.9364942476008734e-7,1.9405034954769814e-7,1.9455446167791317e-7,1.9526933215899988e-7,1.9541245405114468e-7,1.9550389303779274e-7,1.9597270897936965e-7,1.960840260065934e-7,1.9609197722282364e-7,1.961084074994934e-7,1.9659137476528622e-7,1.966112528058619e-7,1.979412466283785e-7,1.9919723297675186e-7,1.9960274500449551e-7,1.9978707048224355e-7,2.006877802039181e-7,2.011453806838833e-7,2.014667146175753e-7,2.0430748196171054e-7]},"completed":true,"percentSlower":55.3},{"name":"@mootable/LinkedHashMap","ops":2506598,"margin":2.11,"options":{"delay":0.005,"initCount":1,"minTime":0.05,"maxTime":5,"minSamples":5},"samples":77,"promise":false,"details":{"min":3.3310956461571217e-7,"max":4.991038647170793e-7,"mean":3.989471117902339e-7,"median":4.107176123057271e-7,"standardDeviation":3.759731576873373e-8,"marginOfError":8.397839085546266e-9,"relativeMarginOfError":2.1050005971623236,"standardErrorOfMean":4.284611778339932e-9,"sampleVariance":1.413558153013874e-15,"sampleResults":[3.3310956461571217e-7,3.340789333617202e-7,3.3644680114967e-7,3.3801096444539067e-7,3.400195603576751e-7,3.4033026399829676e-7,3.40424739195231e-7,3.411479401745795e-7,3.416915052160954e-7,3.416928358526719e-7,3.4277963526866557e-7,3.435929848839685e-7,3.4670002129018525e-7,3.4834868000851606e-7,3.4834868000851606e-7,3.5183827443048755e-7,3.5197523245010205e-7,3.5206049073876945e-7,3.5264528555248864e-7,3.573391260378965e-7,3.627002402526574e-7,3.7000728192831343e-7,3.747922047080476e-7,3.833400124677175e-7,3.936036718571859e-7,4.001163656044922e-7,4.030345167127954e-7,4.0419728029226714e-7,4.050723866297637e-7,4.0569978177560143e-7,4.059313125399191e-7,4.0724598147753884e-7,4.0871090542658804e-7,4.0888266446668087e-7,4.096770545028742e-7,4.0977286033638494e-7,4.097775175644028e-7,4.0989128699169684e-7,4.107176123057271e-7,4.1109152118373433e-7,4.11456780923994e-7,4.12413508622525e-7,4.128805620608899e-7,4.1429635937832655e-7,4.1461172024696614e-7,4.1470419948903554e-7,4.152204864807324e-7,4.156788907813498e-7,4.1682656482861404e-7,4.170601295617105e-7,4.1861364114180304e-7,4.1946122525015966e-7,4.1959162763466044e-7,4.199015266088396e-7,4.1991896423248886e-7,4.218809878645945e-7,4.221910261869278e-7,4.2296356077612223e-7,4.2304729082393016e-7,4.2374587502661275e-7,4.2570124547583566e-7,4.2671519054715773e-7,4.2757145518416004e-7,4.282021769214392e-7,4.2843636895890996e-7,4.294945439501936e-7,4.2972642111986375e-7,4.317303598041303e-7,4.325445392552394e-7,4.339871463769407e-7,4.378333244624228e-7,4.381859431552055e-7,4.448382612615997e-7,4.512360957428222e-7,4.5301056525441777e-7,4.6730119967930096e-7,4.991038647170793e-7]},"completed":true,"percentSlower":79.58},{"name":"map","ops":6506445,"margin":0.67,"options":{"delay":0.005,"initCount":1,"minTime":0.05,"maxTime":5,"minSamples":5},"samples":44,"promise":false,"details":{"min":1.471204376577974e-7,"max":1.6461931650656708e-7,"mean":1.536937512627733e-7,"median":1.531656727031266e-7,"standardDeviation":3.5082239268113416e-9,"marginOfError":1.036613926987714e-9,"relativeMarginOfError":0.6744671910671204,"standardErrorOfMean":5.288846566263847e-10,"sampleVariance":1.230763512065159e-17,"sampleResults":[1.471204376577974e-7,1.4763232681620306e-7,1.4859490638077518e-7,1.497727965352091e-7,1.498367207379529e-7,1.501724466864716e-7,1.5029187097221773e-7,1.5034204403832478e-7,1.5103046805895892e-7,1.5108274715500132e-7,1.5121493150447346e-7,1.5134513370812409e-7,1.5148846762784222e-7,1.5175630508197412e-7,1.5178331181879223e-7,1.5217912156252556e-7,1.5238749464201208e-7,1.525741880015758e-7,1.527104605268048e-7,1.5283682232292625e-7,1.528703949177781e-7,1.5302438287128688e-7,1.533069625349663e-7,1.534416245667153e-7,1.5371293077603486e-7,1.5394360299601342e-7,1.539805204619391e-7,1.5454555590518405e-7,1.5456141307175615e-7,1.5480695138539605e-7,1.5540469223469597e-7,1.554305840144895e-7,1.5567327299351096e-7,1.5580099751488467e-7,1.55953746627255e-7,1.562015148549441e-7,1.5744122318218644e-7,1.5782216683225843e-7,1.5797194272589647e-7,1.582484520679975e-7,1.5845744456805325e-7,1.5864673949400773e-7,1.6050562062224514e-7,1.6461931650656708e-7]},"completed":true,"percentSlower":46.99},{"name":"flesler-hashmap","ops":12275066,"margin":1.61,"options":{"delay":0.005,"initCount":1,"minTime":0.05,"maxTime":5,"minSamples":5},"samples":87,"promise":false,"details":{"min":7.46131716260048e-8,"max":9.697038499506416e-8,"mean":8.146595441301521e-8,"median":7.899675645184036e-8,"standardDeviation":6.2341915083795865e-9,"marginOfError":1.3100159526997663e-9,"relativeMarginOfError":1.6080532808322132,"standardErrorOfMean":6.683754860713094e-10,"sampleVariance":3.8865143763152144e-17,