{"benchmark":"create","type":"single","results":[{"name":"@mootable/HashMap","ops":26238522,"margin":2.42,"options":{"delay":0.005,"initCount":1,"minTime":0.05,"maxTime":5,"minSamples":5},"samples":82,"promise":false,"details":{"min":3.326452360220271e-8,"max":5.851135044571583e-8,"mean":3.811190308538623e-8,"median":3.662632689212562e-8,"standardDeviation":4.259208312620604e-9,"marginOfError":9.218877127133961e-10,"relativeMarginOfError":2.4188970848503444,"standardErrorOfMean":4.703508738333654e-10,"sampleVariance":1.8140855450296452e-17,"sampleResults":[3.326452360220271e-8,3.417279876939508e-8,3.4194384833697636e-8,3.4288898586013164e-8,3.4323569126216044e-8,3.439678733542448e-8,3.443262856493852e-8,3.445335118666898e-8,3.4518707147511194e-8,3.4625973282430077e-8,3.4816129904270785e-8,3.497138635096445e-8,3.499446400473963e-8,3.501808675415919e-8,3.503172487265883e-8,3.5063539410507825e-8,3.5081325703026926e-8,3.512832528912955e-8,3.529196868062516e-8,3.534409922590929e-8,3.5362502266173636e-8,3.539383940366671e-8,3.542970547973866e-8,3.5433491343324024e-8,3.553650668404179e-8,3.5569184664462895e-8,3.561229037440863e-8,3.562274451585979e-8,3.569677490915588e-8,3.5715372133785776e-8,3.574320155207123e-8,3.5986891613382295e-8,3.600667708821487e-8,3.6206139608036925e-8,3.625713630906162e-8,3.628183332592195e-8,3.6388573679663587e-8,3.6445611512613195e-8,3.64673641954276e-8,3.655091886894337e-8,3.655829134013593e-8,3.66943624441153e-8,3.6881471422267675e-8,3.688301216590584e-8,3.6907359385104244e-8,3.7155461506733856e-8,3.730099958956674e-8,3.776048925436043e-8,3.781041590700325e-8,3.7842861780769575e-8,3.8009735139887054e-8,3.806785463080856e-8,3.809714525960065e-8,3.835704126178421e-8,3.835860872047813e-8,3.873749535125713e-8,3.88112593768279e-8,3.895620420018319e-8,3.9177746687965844e-8,3.942444320541282e-8,3.97494805171053e-8,3.9769790964722945e-8,3.9878294448529194e-8,3.988150904930168e-8,4.0108714843295104e-8,4.015871767068136e-8,4.08393724499386e-8,4.085105509623969e-8,4.1143237816659265e-8,4.13526558497238e-8,4.1808107407560455e-8,4.256693250588841e-8,4.2879027501774974e-8,4.329079198065286e-8,4.349452477781298e-8,4.3661384059136015e-8,4.392515430069759e-8,4.420389747659428e-8,4.431854125266246e-8,5.034408212271202e-8,5.352773967565497e-8,5.851135044571583e-8]},"completed":true,"percentSlower":58.33},{"name":"@mootable/LinkedHashMap","ops":15516539,"margin":0.58,"options":{"delay":0.005,"initCount":1,"minTime":0.05,"maxTime":5,"minSamples":5},"samples":92,"promise":false,"details":{"min":6.111083984971033e-8,"max":7.049576547390316e-8,"mean":6.444736280209311e-8,"median":6.42228845089316e-8,"standardDeviation":1.8326623895556957e-9,"marginOfError":3.7449379383619153e-10,"relativeMarginOfError":0.5810847450596206,"standardErrorOfMean":1.910682621613222e-10,"sampleVariance":3.3586514340919924e-18,"sampleResults":[6.111083984971033e-8,6.158153263233962e-8,6.158788014911782e-8,6.180467226061927e-8,6.181126391265817e-8,6.18421036557432e-8,6.190244843252956e-8,6.196030848931542e-8,6.19940750694805e-8,6.205210273951685e-8,6.224387159461829e-8,6.22830553039606e-8,6.248715238190568e-8,6.252194362153742e-8,6.27062883669792e-8,6.273233094699131e-8,6.274091932446276e-8,6.276541550865834e-8,6.282324505708203e-8,6.291833066480176e-8,6.320405557495075e-8,6.320616400120237e-8,6.324174442215556e-8,6.326051616148603e-8,6.348249183977891e-8,6.348666890633112e-8,6.352948787746363e-8,6.35567907644382e-8,6.360553400726873e-8,6.362384615572412e-8,6.367963106279403e-8,6.371987905811929e-8,6.373979171120545e-8,6.377521001735802e-8,6.378931483151443e-8,6.389544663325269e-8,6.392364780258376e-8,6.394513253706805e-8,6.396258382994514e-8,6.39732037137856e-8,6.398101604212798e-8,6.410340406475637e-8,6.414299978760233e-8,6.415801410613537e-8,6.418229444638706e-8,6.421660656870332e-8,6.422916244915987e-8,6.424358351501066e-8,6.425481373700285e-8,6.428703959141523e-8,6.431504622387447e-8,6.435710641123608e-8,6.436673487462969e-8,6.44639932274509e-8,6.455392580868776e-8,6.463061873148652e-8,6.47466634089729e-8,6.4803102953303e-8,6.482570320373821e-8,6.484654409825103e-8,6.491795032237088e-8,6.49259415686667e-8,6.494690542356037e-8,6.499368910351091e-8,6.517044864551202e-8,6.517593607562333e-8,6.519888479012912e-8,6.523538301160376e-8,6.534651035819669e-8,6.543032501727258e-8,6.577724122272704e-8,6.582094143439231e-8,6.585927067032218e-8,6.598658720877715e-8,6.608131168992869e-8,6.6211191648621e-8,6.624178736404292e-8,6.625528338578378e-8,6.632959725006042e-8,6.634374367373981e-8,6.635083701774132e-8,6.673951684329474e-8,6.676464628462753e-8,6.678405503785317e-8,6.681872224487255e-8,6.699948080505757e-8,6.728697367489483e-8,6.734625270687254e-8,6.801791464543016e-8,6.893635149618295e-8,7.018863757660525e-8,7.049576547390316e-8]},"completed":true,"percentSlower":75.36},{"name":"map","ops":26066680,"margin":1.35,"options":{"delay":0.005,"initCount":1,"minTime":0.05,"maxTime":5,"minSamples":5},"samples":89,"promise":false,"details":{"min":3.5223650414281054e-8,"max":4.7866334051922485e-8,"mean":3.836315236535617e-8,"median":3.758523369021092e-8,"standardDeviation":2.486132130489145e-9,"marginOfError":5.165177783959011e-10,"relativeMarginOfError":1.3463903421616163,"standardErrorOfMean":2.6352947877341893e-10,"sampleVariance":6.180852970250496e-18,"sampleResults":[3.5223650414281054e-8,3.547715527939918e-8,3.562064070635547e-8,3.5711277759340493e-8,3.5739863291435774e-8,3.58131674491594e-8,3.59512375956509e-8,3.601691257120617e-8,3.60683877481015e-8,3.608177414361929e-8,3.613113647709114e-8,3.613331918055408e-8,3.613594721298034e-8,3.614407529278562e-8,3.617004068906471e-8,3.6181155574425926e-8,3.619946287087985e-8,3.6245621483918903e-8,3.6340856673536494e-8,3.634427299322593e-8,3.6434073396491094e-8,3.6474232583044456e-8,3.6504971163712274e-8,3.65074467165662e-8,3.657463054942787e-8,3.660106853483353e-8,3.661168311927255e-8,3.663553055231221e-8,3.665271785661497e-8,3.674876040669918e-8,3.67584843253675e-8,3.678400214182328e-8,3.682594375909366e-8,3.7006262604819024e-8,3.71053453550602e-8,3.719810352758023e-8,3.7256569791925214e-8,3.7257894487314996e-8,3.726320631213954e-8,3.731618108446537e-8,3.739050346791309e-8,3.7394473339702086e-8,3.749715175317553e-8,3.7562713868584637e-8,3.758523369021092e-8,3.758962610124019e-8,3.7637733460132246e-8,3.770593558774097e-8,3.771742434594908e-8,3.787531401478965e-8,3.797374659448749e-8,3.8054594183053384e-8,3.80805303243691e-8,3.8140071896099265e-8,3.821362735063711e-8,3.8280644536872156e-8,3.837419437604058e-8,3.8823904044156675e-8,3.884097519891347e-8,3.8974348087605707e-8,3.901994851815391e-8,3.9042351749590895e-8,3.9080706223684676e-8,3.9244031201456884e-8,3.939027709028416e-8,3.942760609415656e-8,3.9487426549126674e-8,3.9552057739986e-8,3.963941791490157e-8,3.965887002088835e-8,4.0256911900103786e-8,4.027612072320702e-8,4.1095537031511016e-8,4.113632370535428e-8,4.137685312953331e-8,4.140822683917244e-8,4.152850326153949e-8,4.1655309061316914e-8,4.172054116640345e-8,4.185818274544594e-8,4.209248841241199e-8,4.209318056332334e-8,4.210314217746456e-8,4.2355892409570484e-8,4.278605751130174e-8,4.398641333191805e-8,4.435244529872223e-8,4.486959419699754e-8,4.7866334051922485e-8]},"completed":true,"percentSlower":58.6},{"name":"flesler-hashmap","ops":62967092,"margin":1.01,"options":{"delay":0.005,"initCount":1,"minTime":0.05,"maxTime":5,"minSamples":5},"samples":92,"promise":false,"details":{"min":1.4820431611502395e-8,"max":1.845450453749666e-8,"mean":1.5881311510807697e-8,"median":1.5648634025672708e-8,"standardDeviation":7.877714376324121e-10,"marginOfError":1.609764657342454e-10,"relativeMarginOfError":1.013621989750004,"standardErrorOfMean":8.213084986441091e-11,"sampleVariance":6.205838379494372e-19,