{"benchmark":"create","type":"single","results":[{"name":"map","ops":12147646,"margin":1.03,"options":{"delay":0.005,"initCount":1,"minTime":0.05,"maxTime":5,"minSamples":5},"samples":87,"promise":false,"details":{"min":7.516046111873334e-8,"max":9.897909883716763e-8,"mean":8.23204762574033e-8,"median":8.220297310045146e-8,"standardDeviation":4.021793600961643e-9,"marginOfError":8.451158050957962e-10,"relativeMarginOfError":1.0266167586947028,"standardErrorOfMean":4.3118153321214094e-10,"sampleVariance":1.617482376873602e-17,"sampleResults":[7.516046111873334e-8,7.521393621123952e-8,7.524734022344847e-8,7.529551081616181e-8,7.571599994838866e-8,7.582696434946045e-8,7.613820945892669e-8,7.617104001169857e-8,7.632716434343912e-8,7.681245439205416e-8,7.731623850751446e-8,7.768439946610926e-8,7.853068223035579e-8,7.86020779302702e-8,7.894887752483438e-8,7.948362844989612e-8,7.982741738241573e-8,7.985293632736505e-8,7.997723366034858e-8,7.997838057922271e-8,8.043413746682896e-8,8.044847395275554e-8,8.057563858292439e-8,8.084186712658113e-8,8.088960762471668e-8,8.093290381221498e-8,8.104401157814604e-8,8.117433023521872e-8,8.118149847818202e-8,8.124773304316286e-8,8.130278514912096e-8,8.132902091836661e-8,8.14136061853335e-8,8.146880165615085e-8,8.156657649017019e-8,8.159223879997878e-8,8.159983713751987e-8,8.1858180613917e-8,8.189488201788906e-8,8.191796376023088e-8,8.204928597131842e-8,8.207609520000116e-8,8.211293996883248e-8,8.220297310045146e-8,8.224297189618663e-8,8.232612351456086e-8,8.242160451083194e-8,8.242547536203211e-8,8.251808906111788e-8,8.289599883014275e-8,8.295606870617515e-8,8.296510069230891e-8,8.304911249983872e-8,8.305757102653539e-8,8.311448687566396e-8,8.313670842885017e-8,8.342071421505589e-8,8.346630424030245e-8,8.360823545097568e-8,8.388693673738855e-8,8.389109431830726e-8,8.41401190788521e-8,8.414284301117815e-8,8.419115696875076e-8,8.419359417135829e-8,8.424592234499033e-8,8.428950526220716e-8,8.447487602523795e-8,8.47049766243597e-8,8.481723130916488e-8,8.495615185779352e-8,8.504231413821233e-8,8.50970795144519e-8,8.516962213324043e-8,8.531800476258062e-8,8.538768008418384e-8,8.579856377083987e-8,8.588228884865115e-8,8.588874026731812e-8,8.607368093577111e-8,8.644255871866223e-8,8.655725060607494e-8,8.730776564433186e-8,8.790502364803354e-8,9.0991095608591e-8,9.723535205391665e-8,9.897909883716763e-8]},"completed":true,"percentSlower":51.5},{"name":"@mootable/HashMap","ops":2296533,"margin":0.66,"options":{"delay":0.005,"initCount":1,"minTime":0.05,"maxTime":5,"minSamples":5},"samples":89,"promise":false,"details":{"min":4.0347491577530523e-7,"max":4.851947720955423e-7,"mean":4.354389541253747e-7,"median":4.336699666287025e-7,"standardDeviation":1.3909854839579105e-8,"marginOfError":2.8899056616654116e-9,"relativeMarginOfError":0.6636764199174815,"standardErrorOfMean":1.4744416641150059e-9,"sampleVariance":1.9348406165816225e-16,"sampleResults":[4.0347491577530523e-7,4.058379859346751e-7,4.075776237512176e-7,4.0880044436930957e-7,4.105593475473291e-7,4.1124270251758163e-7,4.1296479661248904e-7,4.162409683629646e-7,4.169253805044721e-7,4.189081754339473e-7,4.2037428195075564e-7,4.2245673279864925e-7,4.233672245433542e-7,4.2345536598102867e-7,4.2348732258240515e-7,4.237125776506442e-7,4.2600571851828254e-7,4.2632190957095183e-7,4.2684916014240547e-7,4.2701880420844716e-7,4.2727067241365875e-7,4.274335731377485e-7,4.2773799947434235e-7,4.278755095519061e-7,4.285442598929064e-7,4.2864595363062196e-7,4.288769244247633e-7,4.290696655702191e-7,4.294686875283736e-7,4.298621343294281e-7,4.3034000493799633e-7,4.304961093367952e-7,4.3151715953710265e-7,4.319002524749715e-7,4.3197591532132813e-7,4.3209379007144165e-7,4.3216786001576975e-7,4.323805124365826e-7,4.324450249687393e-7,4.3258170367656805e-7,4.3266165964462357e-7,4.3281617114139395e-7,4.328257285535653e-7,4.329348423425217e-7,4.336699666287025e-7,4.3377748751563035e-7,4.3432762531274596e-7,4.3480809512810917e-7,4.35211099341335e-7,4.3544650260422954e-7,4.363197591532133e-7,4.363850681363843e-7,4.36525225203468e-7,4.3681181120744484e-7,4.375630191865049e-7,4.3821817567078033e-7,4.393237671377018e-7,4.4019851715893446e-7,4.4083126041490567e-7,4.4120280032176616e-7,4.4205327601613253e-7,4.427280040141131e-7,4.431561491213241e-7,4.436463120335784e-7,4.437142923951083e-7,4.439853164923805e-7,4.4488160755672723e-7,4.45551422859737e-7,4.457182051302037e-7,4.4573379371624095e-7,4.4595921784561387e-7,4.475043207467525e-7,4.478373221918999e-7,4.478842278805642e-7,4.4923023009469807e-7,4.4985952455703947e-7,4.5042142632888163e-7,4.5154833630815513e-7,4.516124150784106e-7,4.5360832132019724e-7,4.5422489653076013e-7,4.545881936226564e-7,4.5509213418021107e-7,4.555517988101851e-7,4.5569567962337975e-7,4.5656370500961996e-7,4.581310728459761e-7,4.6226720946082855e-7,4.851947720955423e-7]},"completed":true,"percentSlower":90.83},{"name":"@mootable/LinkedHashMap","ops":2209071,"margin":1.07,"options":{"delay":0.005,"initCount":1,"minTime":0.05,"maxTime":5,"minSamples":5},"samples":87,"promise":false,"details":{"min":4.1359506384947053e-7,"max":5.67629541904811e-7,"mean":4.5267889294181165e-7,"median":4.5021723687905767e-7,"standardDeviation":2.299934312044774e-8,"marginOfError":4.832945274283615e-9,"relativeMarginOfError":1.0676321228224026,"standardErrorOfMean":2.4657884052467424e-9,"sampleVariance":5.289697839720868e-16,"sampleResults":[4.1359506384947053e-7,4.1538499661341747e-7,4.16399319379512e-7,4.1790923958832373e-7,4.190722415872334e-7,4.1922339880726217e-7,4.198660234913188e-7,4.239282705301241e-7,4.252729915913634e-7,4.2768629827928747e-7,4.2816642735499385e-7,4.2927086792517094e-7,4.2975590625026645e-7,4.3050402259924344e-7,4.308302909156989e-7,4.328682010881692e-7,4.334557718636257e-7,4.344996632307679e-7,4.350048733748534e-7,4.3521102586547206e-7,4.3670807658632484e-7,4.3735132073528654e-7,4.3851205127781543e-7,4.398735046255771e-7,4.401946045958403e-7,4.403523677119269e-7,4.4182346819090413e-7,4.4323509490691027e-7,4.4490773627608083e-7,4.459774007566121e-7,4.476694716559668e-7,4.4790197082583053e-7,4.481145838696943e-7,4.4873209654238183e-7,4.4889809999485093e-7,4.4915500636016717e-7,4.492376059339534e-7,4.4927560173789507e-7,4.493112832671052e-7,4.49412148361739e-7,4.495597442717196e-7,4.4962912791369994e-7,4.499215304049031e-7,4.5021723687905767e-7,4.5023127880660137e-7,4.5099205327566383e-7,4.541688004889895e-7,4.550383605375625e-7,4.550421062490953e-7,4.557629722630631e-7,4.5587336731716524e-7,4.5622057390183863e-7,4.572713385853801e-7,4.577883138123007e-7,4.5810598724413127e-7,4.586894751623082e-7,4.5870351708985177e-7,4.5901078750433647e-7,4.591445988138701e-7,4.604984058282259e-7,4.6204301785802787e-7,4.6260062132056364e-7,4.6376233289557864e-7,4.6377183023341237e-7,4.637934709397993e-7,4.645572661895199e-7,4.645606528670312e-7,4.6470013690853843e-7,4.6482910148183637e-7,4.6547090017015514e-7,4.656533919159408e-7,4.658343382948144e-7,4.659937554722218e-7,4.6680054236822685e-7,4.669114367369864e-7,4.678749806910046e-7,4.720259856169438e-7,4.723233608114582e-7,4.791683874911205e-7,4.815611966428093e-7,4.840716233963027e-7,4.88018105826574e-7,4.880481609254587e-7,4.889357742984418e-7,4.893137580888559e-7,5.163920498429535e-7,5.67629541904811e-7]},"completed":true,"percentSlower":91.18},{"name":"flesler-hashmap","ops":25046860,"margin":0.85,"options":{"delay":0.005,"initCount":1,"minTime":0.05,"maxTime":5,"minSamples":5},"samples":88,"promise":false,"details":{"min":3.7475877816122625e-8,"max":4.803765265935102e-8,"mean":3.992516360441123e-8,"median":3.959769005461067e-8,"standardDeviation":1.6328827427752442e-9,"marginOfError":3.411691350747081e-10,"relativeMarginOfError":0.8545215705440796,"standardErrorOfMean":1.7406588524219801e-10,"sampleVariance":2.6663060516532042e-18,