{"benchmark":"create","type":"single","results":[{"name":"@mootable/HashMap","ops":19056284,"margin":0.93,"options":{"delay":0.05,"initCount":1,"minTime":0.05,"maxTime":5,"minSamples":10},"samples":93,"promise":false,"details":{"min":4.8198925946917024e-8,"max":5.9266329946566775e-8,"mean":5.2476127475062164e-8,"median":5.26854694916771e-8,"standardDeviation":2.4033535424744728e-9,"marginOfError":4.884636596654339e-10,"relativeMarginOfError":0.9308302330379902,"standardErrorOfMean":2.4921615289052755e-10,"sampleVariance":5.7761082501245975e-18,"sampleResults":[4.8198925946917024e-8,4.832382479136216e-8,4.851107683395863e-8,4.86184628974415e-8,4.866465045162768e-8,4.8861717349488716e-8,4.888375266179837e-8,4.9020583291074933e-8,4.925796807477765e-8,4.9324001787701e-8,4.94514746820035e-8,4.94705270481053e-8,4.9535574520250837e-8,4.9902561495072675e-8,4.993779113795549e-8,4.996013429696882e-8,4.998839896161197e-8,5.013146778989687e-8,5.017271416857624e-8,5.0175982842909346e-8,5.02581873074724e-8,5.0289446766921164e-8,5.0314375196608146e-8,5.031883845999147e-8,5.0409582178062993e-8,5.0433972305701686e-8,5.045998888112898e-8,5.0639829695299406e-8,5.071105378011937e-8,5.1110502189151384e-8,5.1157391378324535e-8,5.116322779638617e-8,5.135719241253954e-8,5.1417909801480116e-8,5.165886351101603e-8,5.166398828485304e-8,5.174405446782614e-8,5.184361565109695e-8,5.206925053957648e-8,5.218666652962851e-8,5.22426463159171e-8,5.2365235782652916e-8,5.238390325246983e-8,5.247862841493681e-8,5.250848682521419e-8,5.254353898662581e-8,5.26854694916771e-8,5.2752345221175836e-8,5.282027941545801e-8,5.293651809349323e-8,5.297152817209322e-8,5.3009937059835016e-8,5.302199634881844e-8,5.312386636016093e-8,5.31523486852424e-8,5.3172142677669464e-8,5.341024875011624e-8,5.3423405421339925e-8,5.345401114852089e-8,5.347431442754857e-8,5.354734849760546e-8,5.356226322864475e-8,5.3567042777829455e-8,5.3725266909264476e-8,5.379858954756404e-8,5.383066869523412e-8,5.385112789045082e-8,5.387431789161513e-8,5.396573075927528e-8,5.401297677824489e-8,5.406984520433663e-8,5.411228714766237e-8,5.420617789797941e-8,5.4487216265998216e-8,5.450160261190619e-8,5.462795850251514e-8,5.4628774134577905e-8,5.4711638123674676e-8,5.472403634802462e-8,5.473311772726441e-8,5.4858571389540494e-8,5.5250995678576965e-8,5.5284577879433164e-8,5.538572788047016e-8,5.546516251951243e-8,5.596911592210084e-8,5.615257386036518e-8,5.623074917175131e-8,5.641026655613744e-8,5.644783067642635e-8,5.7480538330917543e-8,5.8009049415665735e-8,5.9266329946566775e-8]},"completed":true,"percentSlower":22.64},{"name":"@mootable/LinkedHashMap","ops":16076940,"margin":5.09,"options":{"delay":0.05,"initCount":1,"minTime":0.05,"maxTime":5,"minSamples":10},"samples":91,"promise":false,"details":{"min":5.4978266411239105e-8,"max":2.0538400018380282e-7,"mean":6.220089048301408e-8,"median":6.122668685580123e-8,"standardDeviation":1.54142512713336e-8,"marginOfError":3.1670710719234707e-9,"relativeMarginOfError":5.091681240139705,"standardErrorOfMean":1.6158525877160564e-9,"sampleVariance":2.3759914225580945e-16,"sampleResults":[5.4978266411239105e-8,5.5988112348687135e-8,5.6220904725592246e-8,5.6408376295210006e-8,5.650322227593583e-8,5.65207422860585e-8,5.661378324177838e-8,5.674806982481071e-8,5.682340597556079e-8,5.6954957351753135e-8,5.7142763365910926e-8,5.7248231171425666e-8,5.730763886685565e-8,5.740052797956431e-8,5.741409133030569e-8,5.755653851161295e-8,5.778120968099522e-8,5.790707673658103e-8,5.8014623264403633e-8,5.802173468282527e-8,5.819693140267147e-8,5.822840344280177e-8,5.823978171227639e-8,5.824019068692499e-8,5.8320761103847156e-8,5.8491851573069796e-8,5.849790787286529e-8,5.8595133820483734e-8,5.8665482159639305e-8,5.8732110679928184e-8,5.8927148120870764e-8,5.9130021892228095e-8,5.9273222394898865e-8,5.994214587597905e-8,6.000024069416195e-8,6.006085186040176e-8,6.022838739121642e-8,6.048058901841439e-8,6.066182142024872e-8,6.08619196091091e-8,6.087295072659375e-8,6.087738480322974e-8,6.096282188963043e-8,6.112882939295328e-8,6.122086352020263e-8,6.122668685580123e-8,6.129818949080578e-8,6.132438680427079e-8,6.13310605969434e-8,6.137985586795956e-8,6.146945974007218e-8,6.147501181519201e-8,6.147890515077483e-8,6.149015256468075e-8,6.149242367710405e-8,6.156201758599072e-8,6.168189934213444e-8,6.171001787689922e-8,6.18435203490503e-8,6.18591654695779e-8,6.186321350775637e-8,6.204170843891302e-8,6.215310109586582e-8,6.217841345349078e-8,6.21798357371751e-8,6.225346626944837e-8,6.231781082066107e-8,6.262592507275672e-8,6.267221250690797e-8,6.270104800426247e-8,6.271633697684655e-8,6.273937254571154e-8,6.298134729651222e-8,6.324315690086573e-8,6.335015639650206e-8,6.336120644666492e-8,6.349392261130343e-8,6.35107937321623e-8,6.361786046068975e-8,6.369743998447805e-8,6.371338576819183e-8,6.378696132162474e-8,6.385659879455988e-8,6.407543553988128e-8,6.432514975823467e-8,6.440874832505459e-8,6.4423871171732e-8,6.460209425802195e-8,6.496452197950159e-8,7.002715601569015e-8,2.0538400018380282e-7]},"completed":true,"percentSlower":34.74},{"name":"map","ops":11671104,"margin":1.19,"options":{"delay":0.05,"initCount":1,"minTime":0.05,"maxTime":5,"minSamples":10},"samples":97,"promise":false,"details":{"min":8.030432871896286e-8,"max":1.1293718805913928e-7,"mean":8.568169982209609e-8,"median":8.398201337225728e-8,"standardDeviation":5.130895751334773e-9,"marginOfError":1.0210885236643556e-9,"relativeMarginOfError":1.1917230001090984,"standardErrorOfMean":5.209635324818141e-10,"sampleVariance":2.632609121106522e-17,"sampleResults":[8.030432871896286e-8,8.046002448441473e-8,8.071318705465047e-8,8.073013780330854e-8,8.080578836676397e-8,8.0872492701761e-8,8.096305364598048e-8,8.104670872963555e-8,8.105957874250556e-8,8.11559468876542e-8,8.126047650437894e-8,8.129076812003642e-8,8.171202561446463e-8,8.173917820259284e-8,8.194525535988951e-8,8.196848416360611e-8,8.198716137740528e-8,8.205496437203755e-8,8.221285745675989e-8,8.225146749536993e-8,8.228772326333302e-8,8.236180431302383e-8,8.245315001412563e-8,8.251577361333459e-8,8.252613240418118e-8,8.258216404557867e-8,8.262485481997677e-8,8.26316037291647e-8,8.264651410992874e-8,8.277568509275827e-8,8.279326364692219e-8,8.284066296261418e-8,8.286404871770726e-8,8.287958690397715e-8,8.29870985968547e-8,8.301189691433593e-8,8.305505854286341e-8,8.307938600621527e-8,8.321766016887968e-8,8.326035094327777e-8,8.335875945632043e-8,8.344037417208148e-8,8.354663025394733e-8,8.359622688890981e-8,8.369102552029382e-8,8.376777474338449e-8,8.377012901403145e-8,8.386351508302728e-8,8.398201337225728e-8,8.400524217597388e-8,8.439966098502684e-8,8.446620836864738e-8,8.47535863389522e-8,8.48560755877829e-8,8.486957340615877e-8,8.496044825313118e-8,8.50004708541294e-8,8.504002260099821e-8,8.518488872147409e-8,8.531453055843299e-8,8.532175032175032e-8,8.539975515585271e-8,8.542423957058104e-8,8.546096619267351e-8,8.557036130206862e-8,8.55967291333145e-8,8.561415073610196e-8,8.577628150798882e-8,8.582164045578679e-8,8.681137583576608e-8,8.686787833129297e-8,8.69995605361459e-8,8.711696016574066e-8,8.75545406033211e-8,8.818281696330477e-8,8.848008287032677e-8,8.900681168973852e-8,8.917631917631918e-8,8.927519854349123e-8,8.932244090780676e-8,8.958953758257453e-8,8.972272808427067e-8,8.985701729604169e-8,9.001616599177574e-8,9.032834227956179e-8,9.080641617226984e-8,9.095536302853375e-8,9.129850261925734e-8,9.289967668016449e-8,9.310434127507297e-8,9.401026462002072e-8,9.517798286090968e-8,9.5793723141034e-8,9.870058918050347e-8,9.889251919300125e-8,1.0045920371362258e-7,1.1293718805913928e-7]},"completed":true,"percentSlower":52.62},{"name":"flesler-hashmap","ops":24633689,"margin":0.58,"options":{"delay":0.05,"initCount":1,"minTime":0.05,"maxTime":5,"minSamples":10},"samples":94,"promise":false,"details":{"min":3.6927571880847856e-8,"max":4.5447670231855316e-8,"mean":4.05948128342632e-8,"median":4.047510718024406e-8,"standardDeviation":1.1589198912608283e-9,