{"benchmark":"create","type":"single","results":[{"name":"@mootable/HashMap","ops":19052539,"margin":0.96,"options":{"delay":0.005,"initCount":1,"minTime":0.05,"maxTime":5,"minSamples":5},"samples":87,"promise":false,"details":{"min":4.843467411735213e-8,"max":5.85628296212771e-8,"mean":5.24864426046307e-8,"median":5.284323113613029e-8,"standardDeviation":2.3873366003050728e-9,"marginOfError":5.016607248365665e-10,"relativeMarginOfError":0.9557910575412224,"standardErrorOfMean":2.559493494064115e-10,"sampleVariance":5.6993760431561835e-18,"sampleResults":[4.843467411735213e-8,4.862494321221487e-8,4.869966777344819e-8,4.9220466237646114e-8,4.925097751828014e-8,4.9266537131287594e-8,4.930101800208806e-8,4.9357781775467104e-8,4.9554331438722526e-8,4.96513344734761e-8,4.971008214899386e-8,4.9789908315575526e-8,4.981947967501539e-8,4.9928685107049174e-8,4.99457814719586e-8,4.9960284568033446e-8,4.9979109778832586e-8,5.018513058069052e-8,5.0239205038241115e-8,5.025793420204638e-8,5.033294690426132e-8,5.0343223932605746e-8,5.0364258224263967e-8,5.037280640671868e-8,5.044042349040538e-8,5.0448882517248226e-8,5.0468949447585716e-8,5.0472693986623814e-8,5.0513344193073717e-8,5.054194516292932e-8,5.059938126526547e-8,5.075060480807813e-8,5.0969546379652634e-8,5.106255332245133e-8,5.132492900079083e-8,5.1459386048405764e-8,5.157863673726981e-8,5.1624679498220936e-8,5.21184605203634e-8,5.233391639039631e-8,5.2636634052309114e-8,5.275534813673634e-8,5.281449044200228e-8,5.284323113613029e-8,5.302437576657507e-8,5.303455879202004e-8,5.30840209497703e-8,5.3106111758361136e-8,5.337014494451845e-8,5.3417688206485664e-8,5.3579239250180326e-8,5.359643166208362e-8,5.366663877911583e-8,5.378660470995249e-8,5.378775727387897e-8,5.379342404651748e-8,5.382540769547724e-8,5.384673012811709e-8,5.397956312064367e-8,5.402902732248835e-8,5.404228180764284e-8,5.4118830665425234e-8,5.4185679969495475e-8,5.419144278912786e-8,5.420162377047842e-8,5.427298668692618e-8,5.436458215426409e-8,5.4422260171163944e-8,5.442723815908648e-8,5.443682731536391e-8,5.447967981774122e-8,5.4538398008516006e-8,5.457255726081657e-8,5.457453416450008e-8,5.460569347370281e-8,5.468522038462979e-8,5.4777329451754154e-8,5.496488022657416e-8,5.503972983901563e-8,5.534110786036238e-8,5.565567921072422e-8,5.578947267318954e-8,5.601379858430109e-8,5.624598403506868e-8,5.807260576454848e-8,5.846092376077767e-8,5.85628296212771e-8]},"completed":true,"percentSlower":23.17},{"name":"@mootable/LinkedHashMap","ops":16410757,"margin":0.82,"options":{"delay":0.005,"initCount":1,"minTime":0.05,"maxTime":5,"minSamples":5},"samples":93,"promise":false,"details":{"min":5.726237506058361e-8,"max":6.67671440198257e-8,"mean":6.093563987162418e-8,"median":6.009608789882308e-8,"standardDeviation":2.4460061382468933e-9,"marginOfError":4.971324812337232e-10,"relativeMarginOfError":0.8158320521144183,"standardErrorOfMean":2.536390210376139e-10,"sampleVariance":5.9829460283414795e-18,"sampleResults":[5.726237506058361e-8,5.74201210757821e-8,5.743681014695528e-8,5.7613645716166904e-8,5.762233317787349e-8,5.763113494828674e-8,5.798183406033671e-8,5.807453842144249e-8,5.8081396943842424e-8,5.825320292996077e-8,5.835882417491976e-8,5.8474847512185305e-8,5.848902179181184e-8,5.857292438250437e-8,5.8742329885782746e-8,5.8877785703181435e-8,5.888978811738133e-8,5.8916993589567726e-8,5.898535019615375e-8,5.903084506140664e-8,5.9120005852605776e-8,5.913040794491235e-8,5.917053030095196e-8,5.924723144312456e-8,5.9257519226724464e-8,5.9312958949457266e-8,5.932438982012381e-8,5.933433467760372e-8,5.937845783837663e-8,5.9407377941163025e-8,5.941492231580295e-8,5.9423609777509536e-8,5.943389756110943e-8,5.943446910464276e-8,5.944087039221603e-8,5.9456987919855884e-8,5.950122538933545e-8,5.951391365577533e-8,5.955037813320165e-8,5.956866752626814e-8,5.959495852880122e-8,5.965074117765401e-8,5.967131674485383e-8,5.967554616700045e-8,5.973087158102658e-8,5.988587418726509e-8,6.009608789882308e-8,6.012935173246275e-8,6.040369262846013e-8,6.053926275456549e-8,6.058715810265836e-8,6.061527804449809e-8,6.065425731347105e-8,6.06707177672309e-8,6.078616956096312e-8,6.085646941556244e-8,6.095043117244154e-8,6.097272137024134e-8,6.10488509688806e-8,6.111412124038664e-8,6.112040821925324e-8,6.117824842482602e-8,6.143315684069023e-8,6.186844439567273e-8,6.219662469250957e-8,6.222337292986932e-8,6.269615374063811e-8,6.33027900469123e-8,6.336211626567172e-8,6.337423298857827e-8,6.361073770266934e-8,6.37217314568416e-8,6.379968999478752e-8,6.386873245361352e-8,6.391022651413312e-8,6.399835852697227e-8,6.401881978546542e-8,6.402899326035866e-8,6.406591497261164e-8,6.410946658985122e-8,6.431899444916921e-8,6.445159254890127e-8,6.446473805016781e-8,6.449400107907419e-8,6.457355993891342e-8,6.465894854279262e-8,6.486573299315062e-8,6.491077062357686e-8,6.516865106581438e-8,6.521323146141395e-8,6.56775534278895e-8,6.578923303430176e-8,6.67671440198257e-8]},"completed":true,"percentSlower":33.82},{"name":"map","ops":12049802,"margin":0.74,"options":{"delay":0.005,"initCount":1,"minTime":0.05,"maxTime":5,"minSamples":5},"samples":75,"promise":false,"details":{"min":7.930528405676117e-8,"max":9.1846794301361e-8,"mean":8.298891876905676e-8,"median":8.213183641444515e-8,"standardDeviation":2.7208260927207746e-9,"marginOfError":6.157809134037947e-10,"relativeMarginOfError":0.7420037789833149,"standardErrorOfMean":3.1417393541009936e-10,"sampleVariance":7.402894626830196e-18,"sampleResults":[7.930528405676117e-8,7.979563434018755e-8,7.992942187383334e-8,7.994802727649953e-8,7.995573872628882e-8,8.003334284004128e-8,8.006626950660185e-8,8.018524616049364e-8,8.029540972891193e-8,8.03148719593325e-8,8.033531342147235e-8,8.046910095511813e-8,8.057400115304535e-8,8.058868962883446e-8,8.060888628304449e-8,8.074499949202354e-8,8.085675431198568e-8,8.089237386577426e-8,8.11858985736266e-8,8.127647750765943e-8,8.128027203057161e-8,8.128908511604507e-8,8.130340637993946e-8,8.147526154667202e-8,8.148480905593495e-8,8.171982466856066e-8,8.174748796463015e-8,8.175262893115635e-8,8.17561786461387e-8,8.176070759284035e-8,8.179118618010274e-8,8.180844513915495e-8,8.193476603094128e-8,8.197577135918587e-8,8.198213636536115e-8,8.203538209009666e-8,8.204811210244722e-8,8.213183641444515e-8,8.225815730623147e-8,8.238386617819324e-8,8.244837306770042e-8,8.250247562019028e-8,8.251410399685666e-8,8.255364047752236e-8,8.257946771411819e-8,8.29760565604241e-8,8.305721038915892e-8,8.315195105799867e-8,8.322098689420748e-8,8.340630649708005e-8,8.366335482338944e-8,8.38349651821922e-8,8.386874867650713e-8,8.412175767197451e-8,8.412861229400942e-8,8.414709529271072e-8,8.431797122772402e-8,8.435983338372297e-8,8.43802748458628e-8,8.441283430052866e-8,8.447746359400074e-8,8.4549926741227e-8,8.528324889499821e-8,8.529548929148913e-8,8.557799764249964e-8,8.676800898934718e-8,8.699041699358726e-8,8.708050631176045e-8,8.750708412946912e-8,8.822180088057411e-8,8.884006330733066e-8,8.944118917899988e-8,8.951854848482252e-8,8.984328620372672e-8,9.1846794301361e-8]},"completed":true,"percentSlower":51.41},{"name":"flesler-hashmap","ops":24797930,"margin":0.58,"options":{"delay":0.005,"initCount":1,"minTime":0.05,"maxTime":5,"minSamples":5},"samples":89,"promise":false,"details":{"min":3.729836832936608e-8,"max":4.302509932903954e-8,"mean":4.0325946898196175e-8,"median":4.0252825466059686e-8,"standardDeviation":1.1222782100140276e-9,"marginOfError":2.331640545848715e-10,"relativeMarginOfError":0.5781985855744437,"standardErrorOfMean":1.1896125233922017e-10,"sampleVariance":1.2595083806722898e-18,