{"benchmark":"create","type":"single","results":[{"name":"@mootable/LinkedHashMap","ops":6937241,"margin":1.63,"options":{"delay":0.005,"initCount":1,"minTime":0.05,"maxTime":5,"minSamples":5},"samples":84,"promise":false,"details":{"min":1.3185984233233547e-7,"max":1.9137440850346823e-7,"mean":1.4414952904591119e-7,"median":1.403049196487318e-7,"standardDeviation":1.0987114358408577e-8,"marginOfError":2.3496332167720287e-9,"relativeMarginOfError":1.6299971510997289,"standardErrorOfMean":1.1987924575367494e-9,"sampleVariance":1.2071668192474793e-16,"sampleResults":[1.3185984233233547e-7,1.321038460324513e-7,1.3211647109952196e-7,1.3227331327889987e-7,1.3306189439131394e-7,1.33254669453893e-7,1.3400270467783015e-7,1.346167199590171e-7,1.3466891975555926e-7,1.3470121079249e-7,1.3472087676235012e-7,1.3489252911656095e-7,1.3503771738787362e-7,1.3515789831479635e-7,1.352219948091551e-7,1.3531255538641203e-7,1.3548396495087148e-7,1.3550314534122885e-7,1.358080892689358e-7,1.364679918131296e-7,1.3648522988547607e-7,1.368346043376817e-7,1.3722015446283983e-7,1.3724321948921892e-7,1.3746245863469612e-7,1.3761444501904686e-7,1.3798105754359898e-7,1.3801504810878923e-7,1.3844672828670555e-7,1.385797770704503e-7,1.3858657518348834e-7,1.3868296271477788e-7,1.387089412181733e-7,1.3878250651283508e-7,1.3880945617523592e-7,1.38948817492516e-7,1.3960847724695844e-7,1.3983791356199274e-7,1.3984446888527942e-7,1.399175486004385e-7,1.4018364616792795e-7,1.4028270438648244e-7,1.4032713491098115e-7,1.4042789265779514e-7,1.4065975687034298e-7,1.407301658982371e-7,1.4105137673928509e-7,1.4155249478609008e-7,1.4161440617268662e-7,1.4177828925485398e-7,1.4192347752616668e-7,1.427130297975862e-7,1.4283879488879016e-7,1.4294368006137724e-7,1.431121761488204e-7,1.4319143755318014e-7,1.4333044413529215e-7,1.43864581588282e-7,1.4523100230893054e-7,1.4524148912594424e-7,1.4678825577414725e-7,1.4714005812386648e-7,1.4981827187110777e-7,1.5038907057655283e-7,1.5050488128795108e-7,1.516770702075124e-7,1.5354849361098772e-7,1.5367862891771614e-7,1.5452426562169957e-7,1.5523466843417608e-7,1.5711968806372745e-7,1.587662881574443e-7,1.5904501079200446e-7,1.591430978515535e-7,1.5936039467901983e-7,1.6046096062193022e-7,1.607940681607948e-7,1.621044044488794e-7,1.6325231439330483e-7,1.6333340617025875e-7,1.635271523918432e-7,1.657494069860323e-7,1.7435144787668225e-7,1.9137440850346823e-7]},"completed":true,"percentSlower":46.04},{"name":"@mootable/HashMap","ops":5969540,"margin":2.02,"options":{"delay":0.005,"initCount":1,"minTime":0.05,"maxTime":5,"minSamples":5},"samples":86,"promise":false,"details":{"min":1.495017191126935e-7,"max":2.2221378664386153e-7,"mean":1.6751709405351925e-7,"median":1.6068031485069026e-7,"standardDeviation":1.6021901161008126e-8,"marginOfError":3.386264626998476e-9,"relativeMarginOfError":2.021444227009223,"standardErrorOfMean":1.727686034182896e-9,"sampleVariance":2.567013168131136e-16,"sampleResults":[1.495017191126935e-7,1.4970504563938775e-7,1.498420510672461e-7,1.5001977997684578e-7,1.5044534036104275e-7,1.5120017918331968e-7,1.5173452944016847e-7,1.5188782426072337e-7,1.5213100162312165e-7,1.531976659627322e-7,1.5370031008022526e-7,1.5375703207265068e-7,1.5398566533442705e-7,1.5408863756683016e-7,1.5477482823417165e-7,1.5500346149594801e-7,1.5531441436724435e-7,1.5537549958985636e-7,1.5545025626705295e-7,1.5565445543978452e-7,1.5566987218644373e-7,1.5605383644286206e-7,1.5609136022246656e-7,1.5628683293482498e-7,1.5658905934574818e-7,1.5684968962889273e-7,1.5761907255179154e-7,1.5781890849433653e-7,1.5795387774810783e-7,1.5811182668086172e-7,1.5841521661983467e-7,1.585254609025487e-7,1.5878900000581764e-7,1.5881285233083757e-7,1.5898505448220093e-7,1.5928582648306193e-7,1.5969422482852506e-7,1.5973378478221664e-7,1.6007178968066973e-7,1.6011076787033644e-7,1.60227993321349e-7,1.604592445212373e-7,1.6055174500119262e-7,1.608088847001879e-7,1.6133654467075067e-7,1.616888027878132e-7,1.621001099534007e-7,1.6249134626012997e-7,1.626708204618043e-7,1.6326072918302878e-7,1.6400247831474598e-7,1.6430150502353234e-7,1.6583910734128024e-7,1.6603021682345208e-7,1.6614162463421586e-7,1.664845745268804e-7,1.6904200918023632e-7,1.730518177216957e-7,1.7319347726175308e-7,1.748357971039787e-7,1.748375423960533e-7,1.7520812607989948e-7,1.7603655805132322e-7,1.7608804416752476e-7,1.7767073319720056e-7,1.782283540150444e-7,1.7859631976077864e-7,1.811717890989057e-7,1.818006760097969e-7,1.8225910606139939e-7,1.8303808809070865e-7,1.8464986532162825e-7,1.8467662646677257e-7,1.8511469477750436e-7,1.8528427899075579e-7,1.855408369257262e-7,1.8554229133578838e-7,1.8653623517228942e-7,1.8939386006248144e-7,1.9059491189183844e-7,1.9462915452234263e-7,2.0014864070835586e-7,2.0015969422482855e-7,2.1331599676539204e-7,2.1697703777393813e-7,2.2221378664386153e-7]},"completed":true,"percentSlower":53.56},{"name":"@mootable/HashMap.HAMT","ops":4997284,"margin":1.62,"options":{"delay":0.005,"initCount":1,"minTime":0.05,"maxTime":5,"minSamples":5},"samples":82,"promise":false,"details":{"min":1.6934867946698e-7,"max":2.5948907789676076e-7,"mean":2.0010869694222854e-7,"median":1.965597733881414e-7,"standardDeviation":1.4965510749761483e-8,"marginOfError":3.239221813547935e-9,"relativeMarginOfError":1.6187311511418716,"standardErrorOfMean":1.6526641905856813e-9,"sampleVariance":2.2396651200122653e-16,"sampleResults":[1.6934867946698e-7,1.865513258739018e-7,1.8726967447325554e-7,1.889327558573603e-7,1.889405831822213e-7,1.9083889697161116e-7,1.9084405960424065e-7,1.9092050097471094e-7,1.9107755026406005e-7,1.9112853096429302e-7,1.9119188453013594e-7,1.912386996863046e-7,1.9130270782706224e-7,1.918858801748556e-7,1.928181830320186e-7,1.9304542415251818e-7,1.9318755313036553e-7,1.93199054663925e-7,1.9373247523166076e-7,1.9380981059152097e-7,1.9382503209752352e-7,1.940212166528694e-7,1.9416519966645047e-7,1.941857156093235e-7,1.9427490853739952e-7,1.9440642744636073e-7,1.946421071376971e-7,1.946524421181937e-7,1.9473047574567315e-7,1.9481707720612568e-7,1.9510508184901329e-7,1.9516449915881113e-7,1.9550464656714824e-7,1.9557153446016598e-7,1.9593420338579236e-7,1.9595306481714338e-7,1.9598648594988816e-7,1.963074611851597e-7,1.9652122407380445e-7,1.965220400716357e-7,1.9653710577616365e-7,1.9658244100011913e-7,1.9670701257777658e-7,1.9681983870537027e-7,1.9682102156159416e-7,1.9742855819247926e-7,1.974325290201321e-7,1.9750665113631852e-7,1.9793483871821684e-7,1.9797024526478804e-7,1.97988490399765e-7,1.985926776510802e-7,1.987568000423555e-7,1.9906460481585402e-7,1.9911975592170267e-7,1.991901888001709e-7,1.9953011872774682e-7,1.9987882874462573e-7,1.9991855155286139e-7,1.9998924792602573e-7,2.0009680348225492e-7,2.0027071594520256e-7,2.0047947743908088e-7,2.0087790744251877e-7,2.0105557835104765e-7,2.014407486333735e-7,2.023778897597727e-7,2.0284145808791414e-7,2.0332670173845701e-7,2.038774801719764e-7,2.0397148945745258e-7,2.0425928150907124e-7,2.043561567014714e-7,2.0487716906460537e-7,2.0600315112024995e-7,2.0640204822816247e-7,2.3597437492554697e-7,2.45764858862229e-7,2.485185503831849e-7,2.488067662903205e-7,2.5652088284775816e-7,2.5948907789676076e-7]},"completed":true,"percentSlower":61.13},{"name":"@mootable/LinkedHashMap.HAMT","ops":4637825,"margin":2.17,"options":{"delay":0.005,"initCount":1,"minTime":0.05,"maxTime":5,"minSamples":5},"samples":72,"promise":false,"details":{"min":1.8790028592400133e-7,"max":2.77830294431085e-7,"mean":2.1561830425466796e-7,"median":2.2093771402071796e-7,"standardDeviation":2.021544052066666e-8,"marginOfError":4.669528525099992e-9,"relativeMarginOfError":2.1656456956385233,"standardErrorOfMean":2.382412512806118e-9,"sampleVariance":4.086640354446115e-16,