{"benchmark":"create","type":"single","results":[{"name":"@mootable/HashMap","ops":8172333,"margin":1.17,"options":{"delay":0.005,"initCount":1,"minTime":0.05,"maxTime":5,"minSamples":5},"samples":88,"promise":false,"details":{"min":1.1086755613407094e-7,"max":1.442772534982102e-7,"mean":1.223640813844973e-7,"median":1.2140716503954343e-7,"standardDeviation":6.82305332193983e-9,"marginOfError":1.425586258850697e-9,"relativeMarginOfError":1.165036539089574,"standardErrorOfMean":7.273399279850495e-10,"sampleVariance":4.6554056634034144e-17,"sampleResults":[1.1086755613407094e-7,1.1126000650829808e-7,1.1197526846729581e-7,1.1285323787829483e-7,1.1298492244278122e-7,1.1378999891528365e-7,1.139722312615251e-7,1.1435058032324547e-7,1.1447597353292115e-7,1.147473695628593e-7,1.1485996311964421e-7,1.1526282677079943e-7,1.1590324330187656e-7,1.1595986549517301e-7,1.1604252088078967e-7,1.1619199479336154e-7,1.162956936761037e-7,1.1640156199153922e-7,1.1663868098492245e-7,1.1674151209458726e-7,1.1720989261308167e-7,1.1736826119969628e-7,1.1743573055645948e-7,1.1798568174422389e-7,1.1802060961058683e-7,1.1837379325306432e-7,1.184874715261959e-7,1.1852673825794554e-7,1.1882178110424124e-7,1.188981451350472e-7,1.1890790758216727e-7,1.1891463282351664e-7,1.193177134179412e-7,1.1936761036988828e-7,1.1961752901616228e-7,1.197617962902701e-7,1.198205879162599e-7,1.2039440286365114e-7,1.2040807028961927e-7,1.2052717214448423e-7,1.2065104675127454e-7,1.2076385725132878e-7,1.2081635752250785e-7,1.213107712333225e-7,1.2150355884576434e-7,1.2152272480746285e-7,1.217511660700727e-7,1.2184119752684672e-7,1.221336370539104e-7,1.2231435079726652e-7,1.2255754420219112e-7,1.2270810283110967e-7,1.228506345590628e-7,1.231957913005749e-7,1.232148823082764e-7,1.2334700075930143e-7,1.2348107169975053e-7,1.2350168131033736e-7,1.2360299381711683e-7,1.237216617854431e-7,1.237550710489207e-7,1.2477687384748888e-7,1.24960841739885e-7,1.254463607766569e-7,1.2553096865169757e-7,1.2562664063347435e-7,1.2569909968543225e-7,1.264738041002278e-7,1.2710467512745417e-7,1.2736934591604296e-7,1.2753400585746826e-7,1.2773988502006725e-7,1.2886820696387894e-7,1.2963401670463174e-7,1.2984380084607876e-7,1.3055537476949777e-7,1.3071417724265103e-7,1.3116563618613732e-7,1.318453194489641e-7,1.3189087753552446e-7,1.3262805076472502e-7,1.341052174856275e-7,1.3435730556459485e-7,1.359312289836208e-7,1.3736692959809054e-7,1.374938713526413e-7,1.3881375420327583e-7,1.442772534982102e-7]},"completed":true,"percentSlower":54.11},{"name":"@mootable/LinkedHashMap","ops":3831226,"margin":1.03,"options":{"delay":0.005,"initCount":1,"minTime":0.05,"maxTime":5,"minSamples":5},"samples":92,"promise":false,"details":{"min":2.448208876280233e-7,"max":3.3225497515639883e-7,"mean":2.6101302961190333e-7,"median":2.579129201327115e-7,"standardDeviation":1.3120776839572983e-8,"marginOfError":2.6811536727836543e-9,"relativeMarginOfError":1.0272106633029872,"standardErrorOfMean":1.367935547338599e-9,"sampleVariance":1.721547848738748e-16,"sampleResults":[2.448208876280233e-7,2.478535365677742e-7,2.4794201086695195e-7,2.4937683319709575e-7,2.4951387219310475e-7,2.5002933115353174e-7,2.5005529643698614e-7,2.503644756455258e-7,2.504260229840842e-7,2.5075347405875846e-7,2.50951098716161e-7,2.5097946819252775e-7,2.509943741885849e-7,2.511102562869645e-7,2.512804731451652e-7,2.518493051882483e-7,2.518579602827331e-7,2.519315285858537e-7,2.521411742078184e-7,2.52317161129009e-7,2.5288551233350965e-7,2.5318363225465213e-7,2.5335096408135786e-7,2.5349858152618166e-7,2.535043515891715e-7,2.536433139395105e-7,2.537664086166274e-7,2.539981728133866e-7,2.5407270279367215e-7,2.540765495023321e-7,2.541029956243689e-7,2.546564408328124e-7,2.5506226859643214e-7,2.551166033562533e-7,2.558292061355003e-7,2.562153195172381e-7,2.5623791893061497e-7,2.5632302735971534e-7,2.5659566283598594e-7,2.567562629225369e-7,2.568557965091119e-7,2.568615665721018e-7,2.568750300524114e-7,2.5696398519017165e-7,2.5728470452469107e-7,2.574116459104679e-7,2.5841419435495505e-7,2.586815406068183e-7,2.5869885079578784e-7,2.5876232148867625e-7,2.5918353608693563e-7,2.5926575948454105e-7,2.5927249122469587e-7,2.593152858585373e-7,2.593792373900082e-7,2.594330913112468e-7,2.5964033274029907e-7,2.5973986632687405e-7,2.5976919748040585e-7,2.6030327214684754e-7,2.6111939222003175e-7,2.6121411742078183e-7,2.612785497908352e-7,2.6156945713324037e-7,2.624455450305332e-7,2.626499014280906e-7,2.627893446170121e-7,2.6303168726258596e-7,2.631720921286724e-7,2.6333173053805835e-7,2.6377506371111215e-7,2.639246045102659e-7,2.6395874404962256e-7,2.6446170120690485e-7,2.647800163485118e-7,2.652094052026735e-7,2.653026878876761e-7,2.675708034812713e-7,2.6901957013030727e-7,2.6926527864595855e-7,2.703899600903976e-7,2.7717074578064144e-7,2.7823916911092943e-7,2.7844112131557434e-7,2.7951483387026976e-7,2.806101841611771e-7,2.8517093811607445e-7,2.884238111266048e-7,2.919651872866279e-7,2.9953743328364666e-7,3.000745299802856e-7,3.3225497515639883e-7]},"completed":true,"percentSlower":78.49},{"name":"map","ops":9377860,"margin":1.72,"options":{"delay":0.005,"initCount":1,"minTime":0.05,"maxTime":5,"minSamples":5},"samples":64,"promise":false,"details":{"min":9.608459357277884e-8,"max":1.3280836483931947e-7,"mean":1.0663414124855595e-7,"median":1.060619486452426e-7,"standardDeviation":7.497280448303216e-9,"marginOfError":1.836833709834288e-9,"relativeMarginOfError":1.7225568549877197,"standardErrorOfMean":9.37160056037902e-10,"sampleVariance":5.620921412050966e-17,"sampleResults":[9.608459357277884e-8,9.619223902541484e-8,9.663017223272421e-8,9.833530245746691e-8,9.851396765385424e-8,9.889663411048099e-8,9.89945652173913e-8,9.904773156899812e-8,9.912413358538123e-8,9.934887628649443e-8,9.943223587481622e-8,9.949393509766856e-8,9.954683889939089e-8,9.983774417139257e-8,9.997098823776516e-8,1.0001404641881958e-7,1.00598088636841e-7,1.008624763705104e-7,1.0140621718126444e-7,1.0142984667086747e-7,1.0217758874186095e-7,1.0219767380802354e-7,1.0220450010501996e-7,1.0254318945599663e-7,1.0265306658265071e-7,1.0325601239235454e-7,1.0365154379332074e-7,1.0495602289434993e-7,1.0518864209199748e-7,1.0541876706574249e-7,1.0558994959042218e-7,1.0602867044738501e-7,1.060952268431002e-7,1.0666246586851501e-7,1.0685150178533921e-7,1.0723705629069522e-7,1.0747702688510818e-7,1.076321938668347e-7,1.0797705314009661e-7,1.0801197227473219e-7,1.0801958622138206e-7,1.0844032241125813e-7,1.0857356647763075e-7,1.0865889519008611e-7,1.0907241125813904e-7,1.0911743856332703e-7,1.092690611216131e-7,1.0978208359588321e-7,1.100396450325562e-7,1.1019770006301197e-7,1.1036494433942449e-7,1.1084724847721067e-7,1.1149377756773787e-7,1.1218638416299096e-7,1.13139834068473e-7,1.1619919659735349e-7,1.1635987712665407e-7,1.1639348351186726e-7,1.17721329552615e-7,1.179921497584541e-7,1.224054820415879e-7,1.234899443394245e-7,1.2444155639571519e-7,1.3280836483931947e-7]},"completed":true,"percentSlower":47.34},{"name":"flesler-hashmap","ops":17807889,"margin":2.36,"options":{"delay":0.005,"initCount":1,"minTime":0.05,"maxTime":5,"minSamples":5},"samples":85,"promise":false,"details":{"min":4.9327378052603906e-8,"max":8.407991395069529e-8,"mean":5.615488811587449e-8,"median":5.464767536645717e-8,"standardDeviation":6.231697212879589e-9,"marginOfError":1.3248080307896686e-9,"relativeMarginOfError":2.3592034019477586,"standardErrorOfMean":6.759224646886064e-10,"sampleVariance":3.883405015301123e-17,